Author 1,Author 2,# Joint Publications,# Joint Citations,First Year,Last Year,Identifier,Author 1 X,Author 1 Y,Author 2 X,Author 2 Y,Author 1 Latitude,Author 1 Longitude,Author 2 Latitude,Author 2 Longitude
Barabasi Al,Ferdig Mt,1,7,2006,2006,Barabasi AlFerdig Mt,29.22,-94.74,108.11,-45.05,41.7002,-86.2379,41.7002,-86.2379
Barabasi Al,Wuchty S,2,110,2003,2006,Barabasi AlWuchty S,29.22,-94.74,130.47,-65.48,41.7002,-86.2379,42.0302,-87.6865
Ferdig Mt,Wuchty S,1,7,2006,2006,Ferdig MtWuchty S,108.11,-45.05,130.47,-65.48,41.7002,-86.2379,42.0302,-87.6865
Balazsi G,Barabasi Al,4,173,2003,2005,Balazsi GBarabasi Al,265.28,-79.06,29.22,-94.74,40.4752,-79.9528,41.7002,-86.2379
Balazsi G,Oltvai Zn,4,173,2003,2005,Balazsi GOltvai Zn,265.28,-79.06,183.41,-126.32,40.4752,-79.9528,41.7002,-86.2379
Barabasi Al,Oltvai Zn,17,2961,2000,2005,Barabasi AlOltvai Zn,29.22,-94.74,183.41,-126.32,41.7002,-86.2379,41.7002,-86.2379
Almaas E,Barabasi Al,2,135,2004,2005,Almaas EBarabasi Al,95.27,-146.81,29.22,-94.74,41.7002,-86.2379,41.7002,-86.2379
Almaas E,Macdonald Pj,1,14,2005,2005,Almaas EMacdonald Pj,95.27,-146.81,91.75,-116.03,41.7002,-86.2379,41.7002,-86.2379
Barabasi Al,Macdonald Pj,1,14,2005,2005,Barabasi AlMacdonald Pj,29.22,-94.74,91.75,-116.03,41.7002,-86.2379,41.7002,-86.2379
Barabasi Al,Oliveira Jg,2,20,2005,2005,Barabasi AlOliveira Jg,29.22,-94.74,-89.14,15,41.7002,-86.2379,41.7002,-86.2379
Barabasi Al,Vazquez A,2,49,2004,2005,Barabasi AlVazquez A,29.22,-94.74,-171.55,46.66,41.7002,-86.2379,41.7002,-86.2379
Oliveira Jg,Vazquez A,1,5,2005,2005,Oliveira JgVazquez A,-89.14,15,-171.55,46.66,41.7002,-86.2379,41.7002,-86.2379
Barabasi Al,Derenyi I,6,237,1998,2005,Barabasi AlDerenyi I,29.22,-94.74,91.88,-253.75,41.7002,-86.2379,41.7002,-86.2379
Barabasi Al,Makeev Ma,8,198,1997,2005,Barabasi AlMakeev Ma,29.22,-94.74,54.99,-222.72,41.7002,-86.2379,41.7002,-86.2379
Derenyi I,Makeev Ma,1,2,2005,2005,Derenyi IMakeev Ma,91.88,-253.75,54.99,-222.72,41.7002,-86.2379,41.7002,-86.2379
Barabasi Al,Eisler Z,1,10,2005,2005,Barabasi AlEisler Z,29.22,-94.74,-25.6,-136.82,41.7002,-86.2379,,
Barabasi Al,Kertesz J,4,82,1992,2005,Barabasi AlKertesz J,29.22,-94.74,-96.22,-130.32,41.7002,-86.2379,,
Barabasi Al,Yook Sh,4,287,2001,2005,Barabasi AlYook Sh,29.22,-94.74,52.52,-142.77,41.7002,-86.2379,41.7002,-86.2379
Eisler Z,Kertesz J,1,10,2005,2005,Eisler ZKertesz J,-25.6,-136.82,-96.22,-130.32,,,,
Eisler Z,Yook Sh,1,10,2005,2005,Eisler ZYook Sh,-25.6,-136.82,52.52,-142.77,,,41.7002,-86.2379
Kertesz J,Yook Sh,1,10,2005,2005,Kertesz JYook Sh,-96.22,-130.32,52.52,-142.77,,,41.7002,-86.2379
Barabasi Al,Dobrin R,2,85,2004,2004,Barabasi AlDobrin R,29.22,-94.74,49.73,-4.86,41.7002,-86.2379,41.7002,-86.2379
Barabasi Al,Eckmann Jp,1,44,2004,2004,Barabasi AlEckmann Jp,29.22,-94.74,27.26,-6.1,41.7002,-86.2379,,
Barabasi Al,Sergi D,1,44,2004,2004,Barabasi AlSergi D,29.22,-94.74,30.41,4.45,41.7002,-86.2379,41.8971,-87.6223
Dobrin R,Eckmann Jp,1,44,2004,2004,Dobrin REckmann Jp,49.73,-4.86,27.26,-6.1,41.7002,-86.2379,,
Dobrin R,Oltvai Zn,2,85,2004,2004,Dobrin ROltvai Zn,49.73,-4.86,183.41,-126.32,41.7002,-86.2379,41.7002,-86.2379
Dobrin R,Sergi D,1,44,2004,2004,Dobrin RSergi D,49.73,-4.86,30.41,4.45,41.7002,-86.2379,41.8971,-87.6223
Dobrin R,Vazquez A,1,44,2004,2004,Dobrin RVazquez A,49.73,-4.86,-171.55,46.66,41.7002,-86.2379,41.7002,-86.2379
Eckmann Jp,Oltvai Zn,1,44,2004,2004,Eckmann JpOltvai Zn,27.26,-6.1,183.41,-126.32,,,41.7002,-86.2379
Eckmann Jp,Sergi D,1,44,2004,2004,Eckmann JpSergi D,27.26,-6.1,30.41,4.45,,,41.8971,-87.6223
Eckmann Jp,Vazquez A,1,44,2004,2004,Eckmann JpVazquez A,27.26,-6.1,-171.55,46.66,,,41.7002,-86.2379
Oltvai Zn,Sergi D,1,44,2004,2004,Oltvai ZnSergi D,183.41,-126.32,30.41,4.45,41.7002,-86.2379,41.8971,-87.6223
Oltvai Zn,Vazquez A,1,44,2004,2004,Oltvai ZnVazquez A,183.41,-126.32,-171.55,46.66,41.7002,-86.2379,41.7002,-86.2379
Sergi D,Vazquez A,1,44,2004,2004,Sergi DVazquez A,30.41,4.45,-171.55,46.66,41.8971,-87.6223,41.7002,-86.2379
Barabasi Al,Farkas I,3,47,2002,2004,Barabasi AlFarkas I,29.22,-94.74,117.68,-241,41.7002,-86.2379,,
Barabasi Al,Palla G,1,0,2004,2004,Barabasi AlPalla G,29.22,-94.74,63.35,-254.09,41.7002,-86.2379,,
Barabasi Al,Vicsek T,20,1050,1990,2004,Barabasi AlVicsek T,29.22,-94.74,-4.72,-215.17,41.7002,-86.2379,41.7002,-86.2379
Derenyi I,Farkas I,2,19,2002,2004,Derenyi IFarkas I,91.88,-253.75,117.68,-241,41.7002,-86.2379,,
Derenyi I,Palla G,1,0,2004,2004,Derenyi IPalla G,91.88,-253.75,63.35,-254.09,41.7002,-86.2379,,
Derenyi I,Vicsek T,3,83,2001,2004,Derenyi IVicsek T,91.88,-253.75,-4.72,-215.17,41.7002,-86.2379,41.7002,-86.2379
Farkas I,Palla G,1,0,2004,2004,Farkas IPalla G,117.68,-241,63.35,-254.09,,,,
Farkas I,Vicsek T,3,47,2002,2004,Farkas IVicsek T,117.68,-241,-4.72,-215.17,,,41.7002,-86.2379
Palla G,Vicsek T,1,0,2004,2004,Palla GVicsek T,63.35,-254.09,-4.72,-215.17,,,41.7002,-86.2379
Barabasi Al,De Menezes Ma,3,59,2004,2004,Barabasi AlDe Menezes Ma,29.22,-94.74,94.6,31.53,41.7002,-86.2379,41.7002,-86.2379
Balensiefer S,Barabasi Al,1,3,2004,2004,Balensiefer SBarabasi Al,102.51,38.38,29.22,-94.74,,,41.7002,-86.2379
Balensiefer S,Brockman J,1,3,2004,2004,Balensiefer SBrockman J,102.51,38.38,105.67,28.52,,,,
Balensiefer S,De Menezes Ma,1,3,2004,2004,Balensiefer SDe Menezes Ma,102.51,38.38,94.6,31.53,,,41.7002,-86.2379
Barabasi Al,Brockman J,1,3,2004,2004,Barabasi AlBrockman J,29.22,-94.74,105.67,28.52,41.7002,-86.2379,,
Brockman J,De Menezes Ma,1,3,2004,2004,Brockman JDe Menezes Ma,105.67,28.52,94.6,31.53,,,41.7002,-86.2379
Oltvai Zn,Yook Sh,1,94,2004,2004,Oltvai ZnYook Sh,183.41,-126.32,52.52,-142.77,41.7002,-86.2379,41.7002,-86.2379
Barabasi Al,Beg Qk,1,41,2004,2004,Barabasi AlBeg Qk,29.22,-94.74,113.76,-52.67,41.7002,-86.2379,41.7002,-86.2379
Beg Qk,Dobrin R,1,41,2004,2004,Beg QkDobrin R,113.76,-52.67,49.73,-4.86,41.7002,-86.2379,41.7002,-86.2379
Beg Qk,Oltvai Zn,1,41,2004,2004,Beg QkOltvai Zn,113.76,-52.67,183.41,-126.32,41.7002,-86.2379,41.7002,-86.2379
Almaas E,Kovacs B,1,121,2004,2004,Almaas EKovacs B,95.27,-146.81,89.99,-160.88,41.7002,-86.2379,,
Almaas E,Oltvai Zn,1,121,2004,2004,Almaas EOltvai Zn,95.27,-146.81,183.41,-126.32,41.7002,-86.2379,41.7002,-86.2379
Almaas E,Vicsek T,1,121,2004,2004,Almaas EVicsek T,95.27,-146.81,-4.72,-215.17,41.7002,-86.2379,41.7002,-86.2379
Barabasi Al,Kovacs B,1,121,2004,2004,Barabasi AlKovacs B,29.22,-94.74,89.99,-160.88,41.7002,-86.2379,,
Kovacs B,Oltvai Zn,1,121,2004,2004,Kovacs BOltvai Zn,89.99,-160.88,183.41,-126.32,,,41.7002,-86.2379
Kovacs B,Vicsek T,1,121,2004,2004,Kovacs BVicsek T,89.99,-160.88,-4.72,-215.17,,,41.7002,-86.2379
Oltvai Zn,Vicsek T,3,168,2002,2004,Oltvai ZnVicsek T,183.41,-126.32,-4.72,-215.17,41.7002,-86.2379,41.7002,-86.2379
Barabasi Al,Dezso Z,2,75,2002,2003,Barabasi AlDezso Z,29.22,-94.74,127.54,-95.92,41.7002,-86.2379,41.7002,-86.2379
Dezso Z,Oltvai Zn,1,15,2003,2003,Dezso ZOltvai Zn,127.54,-95.92,183.41,-126.32,41.7002,-86.2379,41.7002,-86.2379
Oltvai Zn,Wuchty S,1,103,2003,2003,Oltvai ZnWuchty S,183.41,-126.32,130.47,-65.48,41.7002,-86.2379,42.0302,-87.6865
Anderson I,Baev Mv,1,122,2003,2003,Anderson IBaev Mv,289.41,-63.63,305.43,-168.19,,,,
Anderson I,Balazsi G,1,122,2003,2003,Anderson IBalazsi G,289.41,-63.63,265.28,-79.06,,,40.4752,-79.9528
Anderson I,Barabasi Al,1,122,2003,2003,Anderson IBarabasi Al,289.41,-63.63,29.22,-94.74,,,41.7002,-86.2379
Anderson I,Bhattacharya A,1,122,2003,2003,Anderson IBhattacharya A,289.41,-63.63,325.38,-104.38,,,,
Anderson I,Campbell Jw,1,122,2003,2003,Anderson ICampbell Jw,289.41,-63.63,289.37,-91.78,,,41.7002,-86.2379
Anderson I,Daugherty Md,1,122,2003,2003,Anderson IDaugherty Md,289.41,-63.63,269.22,-108.27,,,,
Anderson I,Dsouza M,1,122,2003,2003,Anderson IDsouza M,289.41,-63.63,346.19,-143,,,,
Anderson I,Fonstein My,1,122,2003,2003,Anderson IFonstein My,289.41,-63.63,313.69,-58.64,,,,
Anderson I,Gelfand Ms,1,122,2003,2003,Anderson IGelfand Ms,289.41,-63.63,299.15,-115.11,,,,
Anderson I,Gerdes Sy,1,122,2003,2003,Anderson IGerdes Sy,289.41,-63.63,336.02,-72.36,,,41.8971,-87.6223
Anderson I,Grechkin Y,1,122,2003,2003,Anderson IGrechkin Y,289.41,-63.63,328.12,-159.87,,,,
Anderson I,Kapatral V,1,122,2003,2003,Anderson IKapatral V,289.41,-63.63,352.12,-117.97,,,,
Anderson I,Kyrpides Nc,1,122,2003,2003,Anderson IKyrpides Nc,289.41,-63.63,312.27,-84.38,,,,
Anderson I,Mseeh F,1,122,2003,2003,Anderson IMseeh F,289.41,-63.63,349.15,-93.22,,,,
Anderson I,Oltvai Zn,1,122,2003,2003,Anderson IOltvai Zn,289.41,-63.63,183.41,-126.32,,,41.7002,-86.2379
Anderson I,Osterman Al,1,122,2003,2003,Anderson IOsterman Al,289.41,-63.63,305.04,-140.29,,,,
Anderson I,Overbeek R,1,122,2003,2003,Anderson IOverbeek R,289.41,-63.63,325.75,-128.61,,,,
Anderson I,Ravasz E,1,122,2003,2003,Anderson IRavasz E,289.41,-63.63,235,-174.28,,,41.7002,-86.2379
Anderson I,Scholle Md,1,122,2003,2003,Anderson IScholle Md,289.41,-63.63,275.6,-130.73,,,41.8805,-87.6873
Anderson I,Somera Al,1,122,2003,2003,Anderson ISomera Al,289.41,-63.63,284.26,-153.92,,,,
Baev Mv,Balazsi G,1,122,2003,2003,Baev MvBalazsi G,305.43,-168.19,265.28,-79.06,,,40.4752,-79.9528
Baev Mv,Barabasi Al,1,122,2003,2003,Baev MvBarabasi Al,305.43,-168.19,29.22,-94.74,,,41.7002,-86.2379
Baev Mv,Bhattacharya A,1,122,2003,2003,Baev MvBhattacharya A,305.43,-168.19,325.38,-104.38,,,,
Baev Mv,Campbell Jw,1,122,2003,2003,Baev MvCampbell Jw,305.43,-168.19,289.37,-91.78,,,41.7002,-86.2379
Baev Mv,Daugherty Md,1,122,2003,2003,Baev MvDaugherty Md,305.43,-168.19,269.22,-108.27,,,,
Baev Mv,Dsouza M,1,122,2003,2003,Baev MvDsouza M,305.43,-168.19,346.19,-143,,,,
Baev Mv,Fonstein My,1,122,2003,2003,Baev MvFonstein My,305.43,-168.19,313.69,-58.64,,,,
Baev Mv,Gelfand Ms,1,122,2003,2003,Baev MvGelfand Ms,305.43,-168.19,299.15,-115.11,,,,
Baev Mv,Gerdes Sy,1,122,2003,2003,Baev MvGerdes Sy,305.43,-168.19,336.02,-72.36,,,41.8971,-87.6223
Baev Mv,Grechkin Y,1,122,2003,2003,Baev MvGrechkin Y,305.43,-168.19,328.12,-159.87,,,,
Baev Mv,Kapatral V,1,122,2003,2003,Baev MvKapatral V,305.43,-168.19,352.12,-117.97,,,,
Baev Mv,Kyrpides Nc,1,122,2003,2003,Baev MvKyrpides Nc,305.43,-168.19,312.27,-84.38,,,,
Baev Mv,Mseeh F,1,122,2003,2003,Baev MvMseeh F,305.43,-168.19,349.15,-93.22,,,,
Baev Mv,Oltvai Zn,1,122,2003,2003,Baev MvOltvai Zn,305.43,-168.19,183.41,-126.32,,,41.7002,-86.2379
Baev Mv,Osterman Al,1,122,2003,2003,Baev MvOsterman Al,305.43,-168.19,305.04,-140.29,,,,
Baev Mv,Overbeek R,1,122,2003,2003,Baev MvOverbeek R,305.43,-168.19,325.75,-128.61,,,,
Baev Mv,Ravasz E,1,122,2003,2003,Baev MvRavasz E,305.43,-168.19,235,-174.28,,,41.7002,-86.2379
Baev Mv,Scholle Md,1,122,2003,2003,Baev MvScholle Md,305.43,-168.19,275.6,-130.73,,,41.8805,-87.6873
Baev Mv,Somera Al,1,122,2003,2003,Baev MvSomera Al,305.43,-168.19,284.26,-153.92,,,,
Balazsi G,Bhattacharya A,1,122,2003,2003,Balazsi GBhattacharya A,265.28,-79.06,325.38,-104.38,40.4752,-79.9528,,
Balazsi G,Campbell Jw,1,122,2003,2003,Balazsi GCampbell Jw,265.28,-79.06,289.37,-91.78,40.4752,-79.9528,41.7002,-86.2379
Balazsi G,Daugherty Md,1,122,2003,2003,Balazsi GDaugherty Md,265.28,-79.06,269.22,-108.27,40.4752,-79.9528,,
Balazsi G,Dsouza M,1,122,2003,2003,Balazsi GDsouza M,265.28,-79.06,346.19,-143,40.4752,-79.9528,,
Balazsi G,Fonstein My,1,122,2003,2003,Balazsi GFonstein My,265.28,-79.06,313.69,-58.64,40.4752,-79.9528,,
Balazsi G,Gelfand Ms,1,122,2003,2003,Balazsi GGelfand Ms,265.28,-79.06,299.15,-115.11,40.4752,-79.9528,,
Balazsi G,Gerdes Sy,1,122,2003,2003,Balazsi GGerdes Sy,265.28,-79.06,336.02,-72.36,40.4752,-79.9528,41.8971,-87.6223
Balazsi G,Grechkin Y,1,122,2003,2003,Balazsi GGrechkin Y,265.28,-79.06,328.12,-159.87,40.4752,-79.9528,,
Balazsi G,Kapatral V,1,122,2003,2003,Balazsi GKapatral V,265.28,-79.06,352.12,-117.97,40.4752,-79.9528,,
Balazsi G,Kyrpides Nc,1,122,2003,2003,Balazsi GKyrpides Nc,265.28,-79.06,312.27,-84.38,40.4752,-79.9528,,
Balazsi G,Mseeh F,1,122,2003,2003,Balazsi GMseeh F,265.28,-79.06,349.15,-93.22,40.4752,-79.9528,,
Balazsi G,Osterman Al,1,122,2003,2003,Balazsi GOsterman Al,265.28,-79.06,305.04,-140.29,40.4752,-79.9528,,
Balazsi G,Overbeek R,1,122,2003,2003,Balazsi GOverbeek R,265.28,-79.06,325.75,-128.61,40.4752,-79.9528,,
Balazsi G,Ravasz E,1,122,2003,2003,Balazsi GRavasz E,265.28,-79.06,235,-174.28,40.4752,-79.9528,41.7002,-86.2379
Balazsi G,Scholle Md,1,122,2003,2003,Balazsi GScholle Md,265.28,-79.06,275.6,-130.73,40.4752,-79.9528,41.8805,-87.6873
Balazsi G,Somera Al,1,122,2003,2003,Balazsi GSomera Al,265.28,-79.06,284.26,-153.92,40.4752,-79.9528,,
Barabasi Al,Bhattacharya A,1,122,2003,2003,Barabasi AlBhattacharya A,29.22,-94.74,325.38,-104.38,41.7002,-86.2379,,
Barabasi Al,Campbell Jw,1,122,2003,2003,Barabasi AlCampbell Jw,29.22,-94.74,289.37,-91.78,41.7002,-86.2379,41.7002,-86.2379
Barabasi Al,Daugherty Md,1,122,2003,2003,Barabasi AlDaugherty Md,29.22,-94.74,269.22,-108.27,41.7002,-86.2379,,
Barabasi Al,Dsouza M,1,122,2003,2003,Barabasi AlDsouza M,29.22,-94.74,346.19,-143,41.7002,-86.2379,,
Barabasi Al,Fonstein My,1,122,2003,2003,Barabasi AlFonstein My,29.22,-94.74,313.69,-58.64,41.7002,-86.2379,,
Barabasi Al,Gelfand Ms,1,122,2003,2003,Barabasi AlGelfand Ms,29.22,-94.74,299.15,-115.11,41.7002,-86.2379,,
Barabasi Al,Gerdes Sy,1,122,2003,2003,Barabasi AlGerdes Sy,29.22,-94.74,336.02,-72.36,41.7002,-86.2379,41.8971,-87.6223
Barabasi Al,Grechkin Y,1,122,2003,2003,Barabasi AlGrechkin Y,29.22,-94.74,328.12,-159.87,41.7002,-86.2379,,
Barabasi Al,Kapatral V,1,122,2003,2003,Barabasi AlKapatral V,29.22,-94.74,352.12,-117.97,41.7002,-86.2379,,
Barabasi Al,Kyrpides Nc,1,122,2003,2003,Barabasi AlKyrpides Nc,29.22,-94.74,312.27,-84.38,41.7002,-86.2379,,
Barabasi Al,Mseeh F,1,122,2003,2003,Barabasi AlMseeh F,29.22,-94.74,349.15,-93.22,41.7002,-86.2379,,
Barabasi Al,Osterman Al,1,122,2003,2003,Barabasi AlOsterman Al,29.22,-94.74,305.04,-140.29,41.7002,-86.2379,,
Barabasi Al,Overbeek R,1,122,2003,2003,Barabasi AlOverbeek R,29.22,-94.74,325.75,-128.61,41.7002,-86.2379,,
Barabasi Al,Ravasz E,7,626,2000,2003,Barabasi AlRavasz E,29.22,-94.74,235,-174.28,41.7002,-86.2379,41.7002,-86.2379
Barabasi Al,Scholle Md,1,122,2003,2003,Barabasi AlScholle Md,29.22,-94.74,275.6,-130.73,41.7002,-86.2379,41.8805,-87.6873
Barabasi Al,Somera Al,1,122,2003,2003,Barabasi AlSomera Al,29.22,-94.74,284.26,-153.92,41.7002,-86.2379,,
Bhattacharya A,Campbell Jw,1,122,2003,2003,Bhattacharya ACampbell Jw,325.38,-104.38,289.37,-91.78,,,41.7002,-86.2379
Bhattacharya A,Daugherty Md,1,122,2003,2003,Bhattacharya ADaugherty Md,325.38,-104.38,269.22,-108.27,,,,
Bhattacharya A,Dsouza M,1,122,2003,2003,Bhattacharya ADsouza M,325.38,-104.38,346.19,-143,,,,
Bhattacharya A,Fonstein My,1,122,2003,2003,Bhattacharya AFonstein My,325.38,-104.38,313.69,-58.64,,,,
Bhattacharya A,Gelfand Ms,1,122,2003,2003,Bhattacharya AGelfand Ms,325.38,-104.38,299.15,-115.11,,,,
Bhattacharya A,Gerdes Sy,1,122,2003,2003,Bhattacharya AGerdes Sy,325.38,-104.38,336.02,-72.36,,,41.8971,-87.6223
Bhattacharya A,Grechkin Y,1,122,2003,2003,Bhattacharya AGrechkin Y,325.38,-104.38,328.12,-159.87,,,,
Bhattacharya A,Kapatral V,1,122,2003,2003,Bhattacharya AKapatral V,325.38,-104.38,352.12,-117.97,,,,
Bhattacharya A,Kyrpides Nc,1,122,2003,2003,Bhattacharya AKyrpides Nc,325.38,-104.38,312.27,-84.38,,,,
Bhattacharya A,Mseeh F,1,122,2003,2003,Bhattacharya AMseeh F,325.38,-104.38,349.15,-93.22,,,,
Bhattacharya A,Oltvai Zn,1,122,2003,2003,Bhattacharya AOltvai Zn,325.38,-104.38,183.41,-126.32,,,41.7002,-86.2379
Bhattacharya A,Osterman Al,1,122,2003,2003,Bhattacharya AOsterman Al,325.38,-104.38,305.04,-140.29,,,,
Bhattacharya A,Overbeek R,1,122,2003,2003,Bhattacharya AOverbeek R,325.38,-104.38,325.75,-128.61,,,,
Bhattacharya A,Ravasz E,1,122,2003,2003,Bhattacharya ARavasz E,325.38,-104.38,235,-174.28,,,41.7002,-86.2379
Bhattacharya A,Scholle Md,1,122,2003,2003,Bhattacharya AScholle Md,325.38,-104.38,275.6,-130.73,,,41.8805,-87.6873
Bhattacharya A,Somera Al,1,122,2003,2003,Bhattacharya ASomera Al,325.38,-104.38,284.26,-153.92,,,,
Campbell Jw,Daugherty Md,1,122,2003,2003,Campbell JwDaugherty Md,289.37,-91.78,269.22,-108.27,41.7002,-86.2379,,
Campbell Jw,Dsouza M,1,122,2003,2003,Campbell JwDsouza M,289.37,-91.78,346.19,-143,41.7002,-86.2379,,
Campbell Jw,Fonstein My,1,122,2003,2003,Campbell JwFonstein My,289.37,-91.78,313.69,-58.64,41.7002,-86.2379,,
Campbell Jw,Gelfand Ms,1,122,2003,2003,Campbell JwGelfand Ms,289.37,-91.78,299.15,-115.11,41.7002,-86.2379,,
Campbell Jw,Gerdes Sy,1,122,2003,2003,Campbell JwGerdes Sy,289.37,-91.78,336.02,-72.36,41.7002,-86.2379,41.8971,-87.6223
Campbell Jw,Grechkin Y,1,122,2003,2003,Campbell JwGrechkin Y,289.37,-91.78,328.12,-159.87,41.7002,-86.2379,,
Campbell Jw,Kapatral V,1,122,2003,2003,Campbell JwKapatral V,289.37,-91.78,352.12,-117.97,41.7002,-86.2379,,
Campbell Jw,Kyrpides Nc,1,122,2003,2003,Campbell JwKyrpides Nc,289.37,-91.78,312.27,-84.38,41.7002,-86.2379,,
Campbell Jw,Mseeh F,1,122,2003,2003,Campbell JwMseeh F,289.37,-91.78,349.15,-93.22,41.7002,-86.2379,,
Campbell Jw,Oltvai Zn,1,122,2003,2003,Campbell JwOltvai Zn,289.37,-91.78,183.41,-126.32,41.7002,-86.2379,41.7002,-86.2379
Campbell Jw,Osterman Al,1,122,2003,2003,Campbell JwOsterman Al,289.37,-91.78,305.04,-140.29,41.7002,-86.2379,,
Campbell Jw,Overbeek R,1,122,2003,2003,Campbell JwOverbeek R,289.37,-91.78,325.75,-128.61,41.7002,-86.2379,,
Campbell Jw,Ravasz E,1,122,2003,2003,Campbell JwRavasz E,289.37,-91.78,235,-174.28,41.7002,-86.2379,41.7002,-86.2379
Campbell Jw,Scholle Md,1,122,2003,2003,Campbell JwScholle Md,289.37,-91.78,275.6,-130.73,41.7002,-86.2379,41.8805,-87.6873
Campbell Jw,Somera Al,1,122,2003,2003,Campbell JwSomera Al,289.37,-91.78,284.26,-153.92,41.7002,-86.2379,,
Daugherty Md,Dsouza M,1,122,2003,2003,Daugherty MdDsouza M,269.22,-108.27,346.19,-143,,,,
Daugherty Md,Fonstein My,1,122,2003,2003,Daugherty MdFonstein My,269.22,-108.27,313.69,-58.64,,,,
Daugherty Md,Gelfand Ms,1,122,2003,2003,Daugherty MdGelfand Ms,269.22,-108.27,299.15,-115.11,,,,
Daugherty Md,Gerdes Sy,1,122,2003,2003,Daugherty MdGerdes Sy,269.22,-108.27,336.02,-72.36,,,41.8971,-87.6223
Daugherty Md,Grechkin Y,1,122,2003,2003,Daugherty MdGrechkin Y,269.22,-108.27,328.12,-159.87,,,,
Daugherty Md,Kapatral V,1,122,2003,2003,Daugherty MdKapatral V,269.22,-108.27,352.12,-117.97,,,,
Daugherty Md,Kyrpides Nc,1,122,2003,2003,Daugherty MdKyrpides Nc,269.22,-108.27,312.27,-84.38,,,,
Daugherty Md,Mseeh F,1,122,2003,2003,Daugherty MdMseeh F,269.22,-108.27,349.15,-93.22,,,,
Daugherty Md,Oltvai Zn,1,122,2003,2003,Daugherty MdOltvai Zn,269.22,-108.27,183.41,-126.32,,,41.7002,-86.2379
Daugherty Md,Osterman Al,1,122,2003,2003,Daugherty MdOsterman Al,269.22,-108.27,305.04,-140.29,,,,
Daugherty Md,Overbeek R,1,122,2003,2003,Daugherty MdOverbeek R,269.22,-108.27,325.75,-128.61,,,,
Daugherty Md,Ravasz E,1,122,2003,2003,Daugherty MdRavasz E,269.22,-108.27,235,-174.28,,,41.7002,-86.2379
Daugherty Md,Scholle Md,1,122,2003,2003,Daugherty MdScholle Md,269.22,-108.27,275.6,-130.73,,,41.8805,-87.6873
Daugherty Md,Somera Al,1,122,2003,2003,Daugherty MdSomera Al,269.22,-108.27,284.26,-153.92,,,,
Dsouza M,Fonstein My,1,122,2003,2003,Dsouza MFonstein My,346.19,-143,313.69,-58.64,,,,
Dsouza M,Gelfand Ms,1,122,2003,2003,Dsouza MGelfand Ms,346.19,-143,299.15,-115.11,,,,
Dsouza M,Gerdes Sy,1,122,2003,2003,Dsouza MGerdes Sy,346.19,-143,336.02,-72.36,,,41.8971,-87.6223
Dsouza M,Grechkin Y,1,122,2003,2003,Dsouza MGrechkin Y,346.19,-143,328.12,-159.87,,,,
Dsouza M,Kapatral V,1,122,2003,2003,Dsouza MKapatral V,346.19,-143,352.12,-117.97,,,,
Dsouza M,Kyrpides Nc,1,122,2003,2003,Dsouza MKyrpides Nc,346.19,-143,312.27,-84.38,,,,
Dsouza M,Mseeh F,1,122,2003,2003,Dsouza MMseeh F,346.19,-143,349.15,-93.22,,,,
Dsouza M,Oltvai Zn,1,122,2003,2003,Dsouza MOltvai Zn,346.19,-143,183.41,-126.32,,,41.7002,-86.2379
Dsouza M,Osterman Al,1,122,2003,2003,Dsouza MOsterman Al,346.19,-143,305.04,-140.29,,,,
Dsouza M,Overbeek R,1,122,2003,2003,Dsouza MOverbeek R,346.19,-143,325.75,-128.61,,,,
Dsouza M,Ravasz E,1,122,2003,2003,Dsouza MRavasz E,346.19,-143,235,-174.28,,,41.7002,-86.2379
Dsouza M,Scholle Md,1,122,2003,2003,Dsouza MScholle Md,346.19,-143,275.6,-130.73,,,41.8805,-87.6873
Dsouza M,Somera Al,1,122,2003,2003,Dsouza MSomera Al,346.19,-143,284.26,-153.92,,,,
Fonstein My,Gelfand Ms,1,122,2003,2003,Fonstein MyGelfand Ms,313.69,-58.64,299.15,-115.11,,,,
Fonstein My,Gerdes Sy,1,122,2003,2003,Fonstein MyGerdes Sy,313.69,-58.64,336.02,-72.36,,,41.8971,-87.6223
Fonstein My,Grechkin Y,1,122,2003,2003,Fonstein MyGrechkin Y,313.69,-58.64,328.12,-159.87,,,,
Fonstein My,Kapatral V,1,122,2003,2003,Fonstein MyKapatral V,313.69,-58.64,352.12,-117.97,,,,
Fonstein My,Kyrpides Nc,1,122,2003,2003,Fonstein MyKyrpides Nc,313.69,-58.64,312.27,-84.38,,,,
Fonstein My,Mseeh F,1,122,2003,2003,Fonstein MyMseeh F,313.69,-58.64,349.15,-93.22,,,,
Fonstein My,Oltvai Zn,1,122,2003,2003,Fonstein MyOltvai Zn,313.69,-58.64,183.41,-126.32,,,41.7002,-86.2379
Fonstein My,Osterman Al,1,122,2003,2003,Fonstein MyOsterman Al,313.69,-58.64,305.04,-140.29,,,,
Fonstein My,Overbeek R,1,122,2003,2003,Fonstein MyOverbeek R,313.69,-58.64,325.75,-128.61,,,,
Fonstein My,Ravasz E,1,122,2003,2003,Fonstein MyRavasz E,313.69,-58.64,235,-174.28,,,41.7002,-86.2379
Fonstein My,Scholle Md,1,122,2003,2003,Fonstein MyScholle Md,313.69,-58.64,275.6,-130.73,,,41.8805,-87.6873
Fonstein My,Somera Al,1,122,2003,2003,Fonstein MySomera Al,313.69,-58.64,284.26,-153.92,,,,
Gelfand Ms,Gerdes Sy,1,122,2003,2003,Gelfand MsGerdes Sy,299.15,-115.11,336.02,-72.36,,,41.8971,-87.6223
Gelfand Ms,Grechkin Y,1,122,2003,2003,Gelfand MsGrechkin Y,299.15,-115.11,328.12,-159.87,,,,
Gelfand Ms,Kapatral V,1,122,2003,2003,Gelfand MsKapatral V,299.15,-115.11,352.12,-117.97,,,,
Gelfand Ms,Kyrpides Nc,1,122,2003,2003,Gelfand MsKyrpides Nc,299.15,-115.11,312.27,-84.38,,,,
Gelfand Ms,Mseeh F,1,122,2003,2003,Gelfand MsMseeh F,299.15,-115.11,349.15,-93.22,,,,
Gelfand Ms,Oltvai Zn,1,122,2003,2003,Gelfand MsOltvai Zn,299.15,-115.11,183.41,-126.32,,,41.7002,-86.2379
Gelfand Ms,Osterman Al,1,122,2003,2003,Gelfand MsOsterman Al,299.15,-115.11,305.04,-140.29,,,,
Gelfand Ms,Overbeek R,1,122,2003,2003,Gelfand MsOverbeek R,299.15,-115.11,325.75,-128.61,,,,
Gelfand Ms,Ravasz E,1,122,2003,2003,Gelfand MsRavasz E,299.15,-115.11,235,-174.28,,,41.7002,-86.2379
Gelfand Ms,Scholle Md,1,122,2003,2003,Gelfand MsScholle Md,299.15,-115.11,275.6,-130.73,,,41.8805,-87.6873
Gelfand Ms,Somera Al,1,122,2003,2003,Gelfand MsSomera Al,299.15,-115.11,284.26,-153.92,,,,
Gerdes Sy,Grechkin Y,1,122,2003,2003,Gerdes SyGrechkin Y,336.02,-72.36,328.12,-159.87,41.8971,-87.6223,,
Gerdes Sy,Kapatral V,1,122,2003,2003,Gerdes SyKapatral V,336.02,-72.36,352.12,-117.97,41.8971,-87.6223,,
Gerdes Sy,Kyrpides Nc,1,122,2003,2003,Gerdes SyKyrpides Nc,336.02,-72.36,312.27,-84.38,41.8971,-87.6223,,
Gerdes Sy,Mseeh F,1,122,2003,2003,Gerdes SyMseeh F,336.02,-72.36,349.15,-93.22,41.8971,-87.6223,,
Gerdes Sy,Oltvai Zn,1,122,2003,2003,Gerdes SyOltvai Zn,336.02,-72.36,183.41,-126.32,41.8971,-87.6223,41.7002,-86.2379
Gerdes Sy,Osterman Al,1,122,2003,2003,Gerdes SyOsterman Al,336.02,-72.36,305.04,-140.29,41.8971,-87.6223,,
Gerdes Sy,Overbeek R,1,122,2003,2003,Gerdes SyOverbeek R,336.02,-72.36,325.75,-128.61,41.8971,-87.6223,,
Gerdes Sy,Ravasz E,1,122,2003,2003,Gerdes SyRavasz E,336.02,-72.36,235,-174.28,41.8971,-87.6223,41.7002,-86.2379
Gerdes Sy,Scholle Md,1,122,2003,2003,Gerdes SyScholle Md,336.02,-72.36,275.6,-130.73,41.8971,-87.6223,41.8805,-87.6873
Gerdes Sy,Somera Al,1,122,2003,2003,Gerdes SySomera Al,336.02,-72.36,284.26,-153.92,41.8971,-87.6223,,
Grechkin Y,Kapatral V,1,122,2003,2003,Grechkin YKapatral V,328.12,-159.87,352.12,-117.97,,,,
Grechkin Y,Kyrpides Nc,1,122,2003,2003,Grechkin YKyrpides Nc,328.12,-159.87,312.27,-84.38,,,,
Grechkin Y,Mseeh F,1,122,2003,2003,Grechkin YMseeh F,328.12,-159.87,349.15,-93.22,,,,
Grechkin Y,Oltvai Zn,1,122,2003,2003,Grechkin YOltvai Zn,328.12,-159.87,183.41,-126.32,,,41.7002,-86.2379
Grechkin Y,Osterman Al,1,122,2003,2003,Grechkin YOsterman Al,328.12,-159.87,305.04,-140.29,,,,
Grechkin Y,Overbeek R,1,122,2003,2003,Grechkin YOverbeek R,328.12,-159.87,325.75,-128.61,,,,
Grechkin Y,Ravasz E,1,122,2003,2003,Grechkin YRavasz E,328.12,-159.87,235,-174.28,,,41.7002,-86.2379
Grechkin Y,Scholle Md,1,122,2003,2003,Grechkin YScholle Md,328.12,-159.87,275.6,-130.73,,,41.8805,-87.6873
Grechkin Y,Somera Al,1,122,2003,2003,Grechkin YSomera Al,328.12,-159.87,284.26,-153.92,,,,
Kapatral V,Kyrpides Nc,1,122,2003,2003,Kapatral VKyrpides Nc,352.12,-117.97,312.27,-84.38,,,,
Kapatral V,Mseeh F,1,122,2003,2003,Kapatral VMseeh F,352.12,-117.97,349.15,-93.22,,,,
Kapatral V,Oltvai Zn,1,122,2003,2003,Kapatral VOltvai Zn,352.12,-117.97,183.41,-126.32,,,41.7002,-86.2379
Kapatral V,Osterman Al,1,122,2003,2003,Kapatral VOsterman Al,352.12,-117.97,305.04,-140.29,,,,
Kapatral V,Overbeek R,1,122,2003,2003,Kapatral VOverbeek R,352.12,-117.97,325.75,-128.61,,,,
Kapatral V,Ravasz E,1,122,2003,2003,Kapatral VRavasz E,352.12,-117.97,235,-174.28,,,41.7002,-86.2379
Kapatral V,Scholle Md,1,122,2003,2003,Kapatral VScholle Md,352.12,-117.97,275.6,-130.73,,,41.8805,-87.6873
Kapatral V,Somera Al,1,122,2003,2003,Kapatral VSomera Al,352.12,-117.97,284.26,-153.92,,,,
Kyrpides Nc,Mseeh F,1,122,2003,2003,Kyrpides NcMseeh F,312.27,-84.38,349.15,-93.22,,,,
Kyrpides Nc,Oltvai Zn,1,122,2003,2003,Kyrpides NcOltvai Zn,312.27,-84.38,183.41,-126.32,,,41.7002,-86.2379
Kyrpides Nc,Osterman Al,1,122,2003,2003,Kyrpides NcOsterman Al,312.27,-84.38,305.04,-140.29,,,,
Kyrpides Nc,Overbeek R,1,122,2003,2003,Kyrpides NcOverbeek R,312.27,-84.38,325.75,-128.61,,,,
Kyrpides Nc,Ravasz E,1,122,2003,2003,Kyrpides NcRavasz E,312.27,-84.38,235,-174.28,,,41.7002,-86.2379
Kyrpides Nc,Scholle Md,1,122,2003,2003,Kyrpides NcScholle Md,312.27,-84.38,275.6,-130.73,,,41.8805,-87.6873
Kyrpides Nc,Somera Al,1,122,2003,2003,Kyrpides NcSomera Al,312.27,-84.38,284.26,-153.92,,,,
Mseeh F,Oltvai Zn,1,122,2003,2003,Mseeh FOltvai Zn,349.15,-93.22,183.41,-126.32,,,41.7002,-86.2379
Mseeh F,Osterman Al,1,122,2003,2003,Mseeh FOsterman Al,349.15,-93.22,305.04,-140.29,,,,
Mseeh F,Overbeek R,1,122,2003,2003,Mseeh FOverbeek R,349.15,-93.22,325.75,-128.61,,,,
Mseeh F,Ravasz E,1,122,2003,2003,Mseeh FRavasz E,349.15,-93.22,235,-174.28,,,41.7002,-86.2379
Mseeh F,Scholle Md,1,122,2003,2003,Mseeh FScholle Md,349.15,-93.22,275.6,-130.73,,,41.8805,-87.6873
Mseeh F,Somera Al,1,122,2003,2003,Mseeh FSomera Al,349.15,-93.22,284.26,-153.92,,,,
Oltvai Zn,Osterman Al,1,122,2003,2003,Oltvai ZnOsterman Al,183.41,-126.32,305.04,-140.29,41.7002,-86.2379,,
Oltvai Zn,Overbeek R,1,122,2003,2003,Oltvai ZnOverbeek R,183.41,-126.32,325.75,-128.61,41.7002,-86.2379,,
Oltvai Zn,Ravasz E,2,141,2002,2003,Oltvai ZnRavasz E,183.41,-126.32,235,-174.28,41.7002,-86.2379,41.7002,-86.2379
Oltvai Zn,Scholle Md,1,122,2003,2003,Oltvai ZnScholle Md,183.41,-126.32,275.6,-130.73,41.7002,-86.2379,41.8805,-87.6873
Oltvai Zn,Somera Al,1,122,2003,2003,Oltvai ZnSomera Al,183.41,-126.32,284.26,-153.92,41.7002,-86.2379,,
Osterman Al,Overbeek R,1,122,2003,2003,Osterman AlOverbeek R,305.04,-140.29,325.75,-128.61,,,,
Osterman Al,Ravasz E,1,122,2003,2003,Osterman AlRavasz E,305.04,-140.29,235,-174.28,,,41.7002,-86.2379
Osterman Al,Scholle Md,1,122,2003,2003,Osterman AlScholle Md,305.04,-140.29,275.6,-130.73,,,41.8805,-87.6873
Osterman Al,Somera Al,1,122,2003,2003,Osterman AlSomera Al,305.04,-140.29,284.26,-153.92,,,,
Overbeek R,Ravasz E,1,122,2003,2003,Overbeek RRavasz E,325.75,-128.61,235,-174.28,,,41.7002,-86.2379
Overbeek R,Scholle Md,1,122,2003,2003,Overbeek RScholle Md,325.75,-128.61,275.6,-130.73,,,41.8805,-87.6873
Overbeek R,Somera Al,1,122,2003,2003,Overbeek RSomera Al,325.75,-128.61,284.26,-153.92,,,,
Ravasz E,Scholle Md,1,122,2003,2003,Ravasz EScholle Md,235,-174.28,275.6,-130.73,41.7002,-86.2379,41.8805,-87.6873
Ravasz E,Somera Al,1,122,2003,2003,Ravasz ESomera Al,235,-174.28,284.26,-153.92,41.7002,-86.2379,,
Scholle Md,Somera Al,1,122,2003,2003,Scholle MdSomera Al,275.6,-130.73,284.26,-153.92,41.8805,-87.6873,,
Barabasi Al,Jeong H,17,4160,1999,2003,Barabasi AlJeong H,29.22,-94.74,62.46,-189.09,41.7002,-86.2379,41.6919,-86.2647
Barabasi Al,Kahng B,11,241,1999,2004,Barabasi AlKahng B,29.22,-94.74,-144.21,-156.57,41.7002,-86.2379,41.7002,-86.2379
Barabasi Al,Yang I,1,6,2003,2003,Barabasi AlYang I,29.22,-94.74,-38.53,-159.85,41.7002,-86.2379,,
Jeong H,Kahng B,5,149,1999,2003,Jeong HKahng B,62.46,-189.09,-144.21,-156.57,41.6919,-86.2647,41.7002,-86.2379
Jeong H,Yang I,1,6,2003,2003,Jeong HYang I,62.46,-189.09,-38.53,-159.85,41.6919,-86.2647,,
Kahng B,Yang I,1,6,2003,2003,Kahng BYang I,-144.21,-156.57,-38.53,-159.85,41.7002,-86.2379,,
Balazsi G,Kay Ka,1,22,2003,2003,Balazsi GKay Ka,265.28,-79.06,171.85,-71.13,40.4752,-79.9528,41.7002,-86.2379
Barabasi Al,Kay Ka,1,22,2003,2003,Barabasi AlKay Ka,29.22,-94.74,171.85,-71.13,41.7002,-86.2379,41.7002,-86.2379
Kay Ka,Oltvai Zn,1,22,2003,2003,Kay KaOltvai Zn,171.85,-71.13,183.41,-126.32,41.7002,-86.2379,41.7002,-86.2379
Barabasi Al,Bonabeau E,1,59,2003,2003,Barabasi AlBonabeau E,29.22,-94.74,68.97,-49.67,41.7002,-86.2379,42.377,-71.1256
Barabasi Al,Neda Z,4,253,2000,2003,Barabasi AlNeda Z,29.22,-94.74,104.96,-219.14,41.7002,-86.2379,,
Jeong H,Neda Z,2,196,2002,2003,Jeong HNeda Z,62.46,-189.09,104.96,-219.14,41.6919,-86.2647,,
Farkas I,Jeong H,2,47,2002,2003,Farkas IJeong H,117.68,-241,62.46,-189.09,,,41.6919,-86.2647
Farkas I,Oltvai Zn,2,47,2002,2003,Farkas IOltvai Zn,117.68,-241,183.41,-126.32,,,41.7002,-86.2379
Jeong H,Oltvai Zn,5,1757,2000,2003,Jeong HOltvai Zn,62.46,-189.09,183.41,-126.32,41.6919,-86.2647,41.7002,-86.2379
Jeong H,Vicsek T,3,209,2002,2003,Jeong HVicsek T,62.46,-189.09,-4.72,-215.17,41.6919,-86.2647,41.7002,-86.2379
Barabasi Al,Cuerno R,2,267,1995,2002,Barabasi AlCuerno R,29.22,-94.74,35.14,-191.15,41.7002,-86.2379,42.3471,-71.1027
Cuerno R,Makeev Ma,1,85,2002,2002,Cuerno RMakeev Ma,35.14,-191.15,54.99,-222.72,42.3471,-71.1027,41.7002,-86.2379
Barabasi Al,Meda Z,1,19,2002,2002,Barabasi AlMeda Z,29.22,-94.74,129.85,-216.29,41.7002,-86.2379,,
Barabasi Al,Schubert A,2,181,2002,2002,Barabasi AlSchubert A,29.22,-94.74,132.75,-232.45,41.7002,-86.2379,,
Derenyi I,Jeong H,1,19,2002,2002,Derenyi IJeong H,91.88,-253.75,62.46,-189.09,41.7002,-86.2379,41.6919,-86.2647
Derenyi I,Meda Z,1,19,2002,2002,Derenyi IMeda Z,91.88,-253.75,129.85,-216.29,41.7002,-86.2379,,
Derenyi I,Oltvai Zn,1,19,2002,2002,Derenyi IOltvai Zn,91.88,-253.75,183.41,-126.32,41.7002,-86.2379,41.7002,-86.2379
Derenyi I,Ravasz E,1,19,2002,2002,Derenyi IRavasz E,91.88,-253.75,235,-174.28,41.7002,-86.2379,41.7002,-86.2379
Derenyi I,Schubert A,1,19,2002,2002,Derenyi ISchubert A,91.88,-253.75,132.75,-232.45,41.7002,-86.2379,,
Farkas I,Meda Z,1,19,2002,2002,Farkas IMeda Z,117.68,-241,129.85,-216.29,,,,
Farkas I,Ravasz E,1,19,2002,2002,Farkas IRavasz E,117.68,-241,235,-174.28,,,41.7002,-86.2379
Farkas I,Schubert A,1,19,2002,2002,Farkas ISchubert A,117.68,-241,132.75,-232.45,,,,
Jeong H,Meda Z,1,19,2002,2002,Jeong HMeda Z,62.46,-189.09,129.85,-216.29,41.6919,-86.2647,,
Jeong H,Ravasz E,2,181,2002,2002,Jeong HRavasz E,62.46,-189.09,235,-174.28,41.6919,-86.2647,41.7002,-86.2379
Jeong H,Schubert A,2,181,2002,2002,Jeong HSchubert A,62.46,-189.09,132.75,-232.45,41.6919,-86.2647,,
Meda Z,Oltvai Zn,1,19,2002,2002,Meda ZOltvai Zn,129.85,-216.29,183.41,-126.32,,,41.7002,-86.2379
Meda Z,Ravasz E,1,19,2002,2002,Meda ZRavasz E,129.85,-216.29,235,-174.28,,,41.7002,-86.2379
Meda Z,Schubert A,1,19,2002,2002,Meda ZSchubert A,129.85,-216.29,132.75,-232.45,,,,
Meda Z,Vicsek T,1,19,2002,2002,Meda ZVicsek T,129.85,-216.29,-4.72,-215.17,,,41.7002,-86.2379
Oltvai Zn,Schubert A,1,19,2002,2002,Oltvai ZnSchubert A,183.41,-126.32,132.75,-232.45,41.7002,-86.2379,,
Ravasz E,Schubert A,2,181,2002,2002,Ravasz ESchubert A,235,-174.28,132.75,-232.45,41.7002,-86.2379,,
Ravasz E,Vicsek T,5,302,2000,2002,Ravasz EVicsek T,235,-174.28,-4.72,-215.17,41.7002,-86.2379,41.7002,-86.2379
Schubert A,Vicsek T,2,181,2002,2002,Schubert AVicsek T,132.75,-232.45,-4.72,-215.17,,,41.7002,-86.2379
Barabasi Al,Kim J,1,8,2002,2002,Barabasi AlKim J,29.22,-94.74,-84.84,-151.66,41.7002,-86.2379,,
Kahng B,Kim J,1,8,2002,2002,Kahng BKim J,-144.21,-156.57,-84.84,-151.66,41.7002,-86.2379,,
Barabasi Al,Jeong Hw,2,92,2001,2002,Barabasi AlJeong Hw,29.22,-94.74,93.19,-34.78,41.7002,-86.2379,,
Jeong Hw,Yook Sh,1,86,2002,2002,Jeong HwYook Sh,93.19,-34.78,52.52,-142.77,,,41.7002,-86.2379
Barabasi Al,Ben Avraham D,1,18,2002,2002,Barabasi AlBen Avraham D,29.22,-94.74,-63.65,-47,41.7002,-86.2379,44.6698,-74.9813
Barabasi Al,Cohen R,1,18,2002,2002,Barabasi AlCohen R,29.22,-94.74,-54,-41.55,41.7002,-86.2379,,
Barabasi Al,Havlin S,11,486,1992,2002,Barabasi AlHavlin S,29.22,-94.74,-104.21,-67.35,41.7002,-86.2379,42.3471,-71.1027
Barabasi Al,Schwartz N,1,18,2002,2002,Barabasi AlSchwartz N,29.22,-94.74,-57.4,-56.19,41.7002,-86.2379,,
Ben Avraham D,Cohen R,1,18,2002,2002,Ben Avraham DCohen R,-63.65,-47,-54,-41.55,44.6698,-74.9813,,
Ben Avraham D,Havlin S,1,18,2002,2002,Ben Avraham DHavlin S,-63.65,-47,-104.21,-67.35,44.6698,-74.9813,42.3471,-71.1027
Ben Avraham D,Schwartz N,1,18,2002,2002,Ben Avraham DSchwartz N,-63.65,-47,-57.4,-56.19,44.6698,-74.9813,,
Cohen R,Havlin S,1,18,2002,2002,Cohen RHavlin S,-54,-41.55,-104.21,-67.35,,,42.3471,-71.1027
Cohen R,Schwartz N,1,18,2002,2002,Cohen RSchwartz N,-54,-41.55,-57.4,-56.19,,,,
Havlin S,Schwartz N,1,18,2002,2002,Havlin SSchwartz N,-104.21,-67.35,-57.4,-56.19,42.3471,-71.1027,,
Neda Z,Ravasz E,3,219,2000,2002,Neda ZRavasz E,104.96,-219.14,235,-174.28,,,41.7002,-86.2379
Neda Z,Schubert A,1,162,2002,2002,Neda ZSchubert A,104.96,-219.14,132.75,-232.45,,,,
Neda Z,Vicsek T,3,219,2000,2002,Neda ZVicsek T,104.96,-219.14,-4.72,-215.17,,,41.7002,-86.2379
Albert R,Barabasi Al,17,7741,1997,2002,Albert RBarabasi Al,-25.26,-272.86,29.22,-94.74,41.7002,-86.2379,41.7002,-86.2379
Barabasi Al,Furdyna Jk,3,54,1998,2002,Barabasi AlFurdyna Jk,29.22,-94.74,-12.5,-31.37,41.7002,-86.2379,,
Barabasi Al,Kwak Cy,1,0,2002,2002,Barabasi AlKwak Cy,29.22,-94.74,-34.94,-99.33,41.7002,-86.2379,,
Barabasi Al,Lee S,3,54,1998,2002,Barabasi AlLee S,29.22,-94.74,-2.41,-21.87,41.7002,-86.2379,41.7002,-86.2379
Furdyna Jk,Jeong H,1,0,2002,2002,Furdyna JkJeong H,-12.5,-31.37,62.46,-189.09,,,41.6919,-86.2647
Furdyna Jk,Kahng B,1,0,2002,2002,Furdyna JkKahng B,-12.5,-31.37,-144.21,-156.57,,,41.7002,-86.2379
Furdyna Jk,Kwak Cy,1,0,2002,2002,Furdyna JkKwak Cy,-12.5,-31.37,-34.94,-99.33,,,,
Furdyna Jk,Lee S,3,54,1998,2002,Furdyna JkLee S,-12.5,-31.37,-2.41,-21.87,,,41.7002,-86.2379
Jeong H,Kwak Cy,1,0,2002,2002,Jeong HKwak Cy,62.46,-189.09,-34.94,-99.33,41.6919,-86.2647,,
Jeong H,Lee S,1,0,2002,2002,Jeong HLee S,62.46,-189.09,-2.41,-21.87,41.6919,-86.2647,41.7002,-86.2379
Kahng B,Kwak Cy,1,0,2002,2002,Kahng BKwak Cy,-144.21,-156.57,-34.94,-99.33,41.7002,-86.2379,,
Kahng B,Lee S,1,0,2002,2002,Kahng BLee S,-144.21,-156.57,-2.41,-21.87,41.7002,-86.2379,41.7002,-86.2379
Kwak Cy,Lee S,1,0,2002,2002,Kwak CyLee S,-34.94,-99.33,-2.41,-21.87,,,41.7002,-86.2379
Albert I,Barabasi Al,5,207,1997,2001,Albert IBarabasi Al,-82.93,-297.2,29.22,-94.74,40.7997,-77.8623,41.7002,-86.2379
Albert I,Morss Aj,1,18,2001,2001,Albert IMorss Aj,-82.93,-297.2,-113.73,-286.37,40.7997,-77.8623,40.7997,-77.8623
Albert I,Rajagopalan S,1,18,2001,2001,Albert IRajagopalan S,-82.93,-297.2,-105.78,-296.87,40.7997,-77.8623,,
Albert I,Sample Jg,3,69,2000,2001,Albert ISample Jg,-82.93,-297.2,-108.05,-265.22,40.7997,-77.8623,41.7002,-86.2379
Albert I,Schiffer P,5,207,1997,2001,Albert ISchiffer P,-82.93,-297.2,-87.23,-278.51,40.7997,-77.8623,,
Barabasi Al,Morss Aj,1,18,2001,2001,Barabasi AlMorss Aj,29.22,-94.74,-113.73,-286.37,41.7002,-86.2379,40.7997,-77.8623
Barabasi Al,Rajagopalan S,1,18,2001,2001,Barabasi AlRajagopalan S,29.22,-94.74,-105.78,-296.87,41.7002,-86.2379,,
Barabasi Al,Sample Jg,3,69,2000,2001,Barabasi AlSample Jg,29.22,-94.74,-108.05,-265.22,41.7002,-86.2379,41.7002,-86.2379
Barabasi Al,Schiffer P,9,298,1997,2001,Barabasi AlSchiffer P,29.22,-94.74,-87.23,-278.51,41.7002,-86.2379,,
Morss Aj,Rajagopalan S,1,18,2001,2001,Morss AjRajagopalan S,-113.73,-286.37,-105.78,-296.87,40.7997,-77.8623,,
Morss Aj,Sample Jg,1,18,2001,2001,Morss AjSample Jg,-113.73,-286.37,-108.05,-265.22,40.7997,-77.8623,41.7002,-86.2379
Morss Aj,Schiffer P,1,18,2001,2001,Morss AjSchiffer P,-113.73,-286.37,-87.23,-278.51,40.7997,-77.8623,,
Rajagopalan S,Sample Jg,1,18,2001,2001,Rajagopalan SSample Jg,-105.78,-296.87,-108.05,-265.22,,,41.7002,-86.2379
Rajagopalan S,Schiffer P,1,18,2001,2001,Rajagopalan SSchiffer P,-105.78,-296.87,-87.23,-278.51,,,,
Sample Jg,Schiffer P,3,69,2000,2001,Sample JgSchiffer P,-108.05,-265.22,-87.23,-278.51,41.7002,-86.2379,,
Albert L,Barabasi Al,1,6,2001,2001,Albert LBarabasi Al,-102.44,-203.77,29.22,-94.74,,,41.7002,-86.2379
Albert L,Kahng B,1,6,2001,2001,Albert LKahng B,-102.44,-203.77,-144.21,-156.57,,,41.7002,-86.2379
Albert L,Schiffer P,1,6,2001,2001,Albert LSchiffer P,-102.44,-203.77,-87.23,-278.51,,,,
Kahng B,Schiffer P,3,57,2000,2001,Kahng BSchiffer P,-144.21,-156.57,-87.23,-278.51,41.7002,-86.2379,,
Albert I,Albert R,4,189,1997,2001,Albert IAlbert R,-82.93,-297.2,-25.26,-272.86,40.7997,-77.8623,41.7002,-86.2379
Albert I,Kahng B,2,51,2000,2001,Albert IKahng B,-82.93,-297.2,-144.21,-156.57,40.7997,-77.8623,41.7002,-86.2379
Albert I,Tegzes P,2,51,2000,2001,Albert ITegzes P,-82.93,-297.2,-77.48,-256.17,40.7997,-77.8623,41.7002,-86.2379
Albert I,Vicsek T,2,51,2000,2001,Albert IVicsek T,-82.93,-297.2,-4.72,-215.17,40.7997,-77.8623,41.7002,-86.2379
Albert R,Kahng B,2,51,2000,2001,Albert RKahng B,-25.26,-272.86,-144.21,-156.57,41.7002,-86.2379,41.7002,-86.2379
Albert R,Sample Jg,2,51,2000,2001,Albert RSample Jg,-25.26,-272.86,-108.05,-265.22,41.7002,-86.2379,41.7002,-86.2379
Albert R,Schiffer P,7,274,1997,2001,Albert RSchiffer P,-25.26,-272.86,-87.23,-278.51,41.7002,-86.2379,,
Albert R,Tegzes P,3,80,1999,2001,Albert RTegzes P,-25.26,-272.86,-77.48,-256.17,41.7002,-86.2379,41.7002,-86.2379
Albert R,Vicsek T,3,80,1999,2001,Albert RVicsek T,-25.26,-272.86,-4.72,-215.17,41.7002,-86.2379,41.7002,-86.2379
Barabasi Al,Tegzes P,3,80,1999,2001,Barabasi AlTegzes P,29.22,-94.74,-77.48,-256.17,41.7002,-86.2379,41.7002,-86.2379
Kahng B,Sample Jg,2,51,2000,2001,Kahng BSample Jg,-144.21,-156.57,-108.05,-265.22,41.7002,-86.2379,41.7002,-86.2379
Kahng B,Tegzes P,2,51,2000,2001,Kahng BTegzes P,-144.21,-156.57,-77.48,-256.17,41.7002,-86.2379,41.7002,-86.2379
Kahng B,Vicsek T,2,51,2000,2001,Kahng BVicsek T,-144.21,-156.57,-4.72,-215.17,41.7002,-86.2379,41.7002,-86.2379
Sample Jg,Tegzes P,2,51,2000,2001,Sample JgTegzes P,-108.05,-265.22,-77.48,-256.17,41.7002,-86.2379,41.7002,-86.2379
Sample Jg,Vicsek T,2,51,2000,2001,Sample JgVicsek T,-108.05,-265.22,-4.72,-215.17,41.7002,-86.2379,41.7002,-86.2379
Schiffer P,Tegzes P,3,80,1999,2001,Schiffer PTegzes P,-87.23,-278.51,-77.48,-256.17,,,41.7002,-86.2379
Schiffer P,Vicsek T,3,80,1999,2001,Schiffer PVicsek T,-87.23,-278.51,-4.72,-215.17,,,41.7002,-86.2379
Tegzes P,Vicsek T,3,80,1999,2001,Tegzes PVicsek T,-77.48,-256.17,-4.72,-215.17,41.7002,-86.2379,41.7002,-86.2379
Barabasi Al,Podani J,1,26,2001,2001,Barabasi AlPodani J,29.22,-94.74,117.85,-165.17,41.7002,-86.2379,,
Barabasi Al,Szathmary E,1,26,2001,2001,Barabasi AlSzathmary E,29.22,-94.74,119.76,-176.2,41.7002,-86.2379,,
Barabasi Al,Tombor B,2,965,2000,2001,Barabasi AlTombor B,29.22,-94.74,93.73,-195.35,41.7002,-86.2379,41.7002,-86.2379
Jeong H,Podani J,1,26,2001,2001,Jeong HPodani J,62.46,-189.09,117.85,-165.17,41.6919,-86.2647,,
Jeong H,Szathmary E,1,26,2001,2001,Jeong HSzathmary E,62.46,-189.09,119.76,-176.2,41.6919,-86.2647,,
Jeong H,Tombor B,2,965,2000,2001,Jeong HTombor B,62.46,-189.09,93.73,-195.35,41.6919,-86.2647,41.7002,-86.2379
Oltvai Zn,Podani J,1,26,2001,2001,Oltvai ZnPodani J,183.41,-126.32,117.85,-165.17,41.7002,-86.2379,,
Oltvai Zn,Szathmary E,1,26,2001,2001,Oltvai ZnSzathmary E,183.41,-126.32,119.76,-176.2,41.7002,-86.2379,,
Oltvai Zn,Tombor B,2,965,2000,2001,Oltvai ZnTombor B,183.41,-126.32,93.73,-195.35,41.7002,-86.2379,41.7002,-86.2379
Podani J,Szathmary E,1,26,2001,2001,Podani JSzathmary E,117.85,-165.17,119.76,-176.2,,,,
Podani J,Tombor B,1,26,2001,2001,Podani JTombor B,117.85,-165.17,93.73,-195.35,,,41.7002,-86.2379
Szathmary E,Tombor B,1,26,2001,2001,Szathmary ETombor B,119.76,-176.2,93.73,-195.35,,,41.7002,-86.2379
Barabasi Al,Brockman Jb,1,6,2001,2001,Barabasi AlBrockman Jb,29.22,-94.74,98.05,-5.81,41.7002,-86.2379,,
Barabasi Al,Freeh Vw,1,6,2001,2001,Barabasi AlFreeh Vw,29.22,-94.74,105.44,-10.8,41.7002,-86.2379,41.7002,-86.2379
Brockman Jb,Freeh Vw,1,6,2001,2001,Brockman JbFreeh Vw,98.05,-5.81,105.44,-10.8,,,41.7002,-86.2379
Brockman Jb,Jeong Hw,1,6,2001,2001,Brockman JbJeong Hw,98.05,-5.81,93.19,-34.78,,,,
Freeh Vw,Jeong Hw,1,6,2001,2001,Freeh VwJeong Hw,105.44,-10.8,93.19,-34.78,41.7002,-86.2379,,
Barabasi Al,Farkas Ij,1,64,2001,2001,Barabasi AlFarkas Ij,29.22,-94.74,39.82,-233.41,41.7002,-86.2379,,
Derenyi I,Farkas Ij,1,64,2001,2001,Derenyi IFarkas Ij,91.88,-253.75,39.82,-233.41,41.7002,-86.2379,,
Farkas Ij,Vicsek T,1,64,2001,2001,Farkas IjVicsek T,39.82,-233.41,-4.72,-215.17,,,41.7002,-86.2379
Barabasi Al,Tu Y,1,97,2001,2001,Barabasi AlTu Y,29.22,-94.74,49.12,-163.43,41.7002,-86.2379,,
Jeong H,Tu Y,1,97,2001,2001,Jeong HTu Y,62.46,-189.09,49.12,-163.43,41.6919,-86.2647,,
Jeong H,Yook Sh,1,97,2001,2001,Jeong HYook Sh,62.46,-189.09,52.52,-142.77,41.6919,-86.2647,41.7002,-86.2379
Tu Y,Yook Sh,1,97,2001,2001,Tu YYook Sh,49.12,-163.43,52.52,-142.77,,,41.7002,-86.2379
Barabasi Al,Bianconi G,2,190,2001,2001,Barabasi AlBianconi G,29.22,-94.74,61.15,-41.92,41.7002,-86.2379,41.7002,-86.2379
Barabasi Al,Mason Sp,1,745,2001,2001,Barabasi AlMason Sp,29.22,-94.74,114.61,-137.14,41.7002,-86.2379,,
Jeong H,Mason Sp,1,745,2001,2001,Jeong HMason Sp,62.46,-189.09,114.61,-137.14,41.6919,-86.2647,,
Mason Sp,Oltvai Zn,1,745,2001,2001,Mason SpOltvai Zn,114.61,-137.14,183.41,-126.32,,,41.7002,-86.2379
Barabasi Al,Lee Cs,2,112,1999,2001,Barabasi AlLee Cs,29.22,-94.74,7.93,-236.92,41.7002,-86.2379,41.7002,-86.2379
Kahng B,Lee Cs,1,15,2001,2001,Kahng BLee Cs,-144.21,-156.57,7.93,-236.92,41.7002,-86.2379,41.7002,-86.2379
Albet R,Barabasi Al,1,16,2001,2001,Albet RBarabasi Al,74.41,-4.49,29.22,-94.74,41.7002,-86.2379,41.7002,-86.2379
Albet R,Jeong N,1,16,2001,2001,Albet RJeong N,74.41,-4.49,74.47,-12.7,41.7002,-86.2379,,
Barabasi Al,Jeong N,1,16,2001,2001,Barabasi AlJeong N,29.22,-94.74,74.47,-12.7,41.7002,-86.2379,,
Albert R,Jeong H,5,2900,1999,2000,Albert RJeong H,-25.26,-272.86,62.46,-189.09,41.7002,-86.2379,41.6919,-86.2647
Albert R,Oltvai Zn,1,939,2000,2000,Albert ROltvai Zn,-25.26,-272.86,183.41,-126.32,41.7002,-86.2379,41.7002,-86.2379
Albert R,Tombor B,1,939,2000,2000,Albert RTombor B,-25.26,-272.86,93.73,-195.35,41.7002,-86.2379,41.7002,-86.2379
Barabasi Al,Brechet Y,2,57,2000,2000,Barabasi AlBrechet Y,29.22,-94.74,111.36,-201.36,41.7002,-86.2379,,
Brechet Y,Neda Z,2,57,2000,2000,Brechet YNeda Z,111.36,-201.36,104.96,-219.14,,,,
Brechet Y,Ravasz E,2,57,2000,2000,Brechet YRavasz E,111.36,-201.36,235,-174.28,,,41.7002,-86.2379
Brechet Y,Vicsek T,2,57,2000,2000,Brechet YVicsek T,111.36,-201.36,-4.72,-215.17,,,41.7002,-86.2379
Albert I,Pfeifer M,1,32,2000,2000,Albert IPfeifer M,-82.93,-297.2,-92.15,-246.15,40.7997,-77.8623,,
Albert R,Pfeifer M,1,32,2000,2000,Albert RPfeifer M,-25.26,-272.86,-92.15,-246.15,41.7002,-86.2379,,
Barabasi Al,Pfeifer M,1,32,2000,2000,Barabasi AlPfeifer M,29.22,-94.74,-92.15,-246.15,41.7002,-86.2379,,
Kahng B,Pfeifer M,1,32,2000,2000,Kahng BPfeifer M,-144.21,-156.57,-92.15,-246.15,41.7002,-86.2379,,
Pfeifer M,Sample Jg,1,32,2000,2000,Pfeifer MSample Jg,-92.15,-246.15,-108.05,-265.22,,,41.7002,-86.2379
Pfeifer M,Schiffer P,1,32,2000,2000,Pfeifer MSchiffer P,-92.15,-246.15,-87.23,-278.51,,,,
Pfeifer M,Tegzes P,1,32,2000,2000,Pfeifer MTegzes P,-92.15,-246.15,-77.48,-256.17,,,41.7002,-86.2379
Pfeifer M,Vicsek T,1,32,2000,2000,Pfeifer MVicsek T,-92.15,-246.15,-4.72,-215.17,,,41.7002,-86.2379
Albert R,Paskvan M,1,29,1999,1999,Albert RPaskvan M,-25.26,-272.86,-46.93,-257.94,41.7002,-86.2379,,
Barabasi Al,Paskvan M,1,29,1999,1999,Barabasi AlPaskvan M,29.22,-94.74,-46.93,-257.94,41.7002,-86.2379,,
Paskvan M,Schiffer P,1,29,1999,1999,Paskvan MSchiffer P,-46.93,-257.94,-87.23,-278.51,,,,
Paskvan M,Tegzes P,1,29,1999,1999,Paskvan MTegzes P,-46.93,-257.94,-77.48,-256.17,,,41.7002,-86.2379
Paskvan M,Vicsek T,1,29,1999,1999,Paskvan MVicsek T,-46.93,-257.94,-4.72,-215.17,,,41.7002,-86.2379
Barabasi Al,Park S,1,85,1999,1999,Barabasi AlPark S,29.22,-94.74,-32.86,-169.05,41.7002,-86.2379,,
Jeong H,Park S,1,85,1999,1999,Jeong HPark S,62.46,-189.09,-32.86,-169.05,41.6919,-86.2647,,
Kahng B,Park S,1,85,1999,1999,Kahng BPark S,-144.21,-156.57,-32.86,-169.05,41.7002,-86.2379,,
Barabasi Al,Bishop Ar,1,18,1999,1999,Barabasi AlBishop Ar,29.22,-94.74,67.48,87.97,41.7002,-86.2379,,
Barabasi Al,Daruka I,7,392,1997,1999,Barabasi AlDaruka I,29.22,-94.74,42.89,70.91,41.7002,-86.2379,41.7002,-86.2379
Barabasi Al,Germann Tc,1,18,1999,1999,Barabasi AlGermann Tc,29.22,-94.74,59.56,99.38,41.7002,-86.2379,,
Barabasi Al,Lomdahl Ps,1,18,1999,1999,Barabasi AlLomdahl Ps,29.22,-94.74,72.79,102.07,41.7002,-86.2379,,
Barabasi Al,Zhou Sj,1,18,1999,1999,Barabasi AlZhou Sj,29.22,-94.74,80.13,90.57,41.7002,-86.2379,35.8639,-106.2953
Bishop Ar,Daruka I,1,18,1999,1999,Bishop ArDaruka I,67.48,87.97,42.89,70.91,,,41.7002,-86.2379
Bishop Ar,Germann Tc,1,18,1999,1999,Bishop ArGermann Tc,67.48,87.97,59.56,99.38,,,,
Bishop Ar,Lomdahl Ps,1,18,1999,1999,Bishop ArLomdahl Ps,67.48,87.97,72.79,102.07,,,,
Bishop Ar,Zhou Sj,1,18,1999,1999,Bishop ArZhou Sj,67.48,87.97,80.13,90.57,,,35.8639,-106.2953
Daruka I,Germann Tc,1,18,1999,1999,Daruka IGermann Tc,42.89,70.91,59.56,99.38,41.7002,-86.2379,,
Daruka I,Lomdahl Ps,1,18,1999,1999,Daruka ILomdahl Ps,42.89,70.91,72.79,102.07,41.7002,-86.2379,,
Daruka I,Zhou Sj,1,18,1999,1999,Daruka IZhou Sj,42.89,70.91,80.13,90.57,41.7002,-86.2379,35.8639,-106.2953
Germann Tc,Lomdahl Ps,1,18,1999,1999,Germann TcLomdahl Ps,59.56,99.38,72.79,102.07,,,,
Germann Tc,Zhou Sj,1,18,1999,1999,Germann TcZhou Sj,59.56,99.38,80.13,90.57,,,35.8639,-106.2953
Lomdahl Ps,Zhou Sj,1,18,1999,1999,Lomdahl PsZhou Sj,72.79,102.07,80.13,90.57,,,35.8639,-106.2953
Barabasi Al,Janko B,1,97,1999,1999,Barabasi AlJanko B,29.22,-94.74,45.26,-250.28,41.7002,-86.2379,41.7074,-87.9756
Derenyi I,Janko B,1,97,1999,1999,Derenyi IJanko B,91.88,-253.75,45.26,-250.28,41.7002,-86.2379,41.7074,-87.9756
Derenyi I,Lee Cs,1,97,1999,1999,Derenyi ILee Cs,91.88,-253.75,7.93,-236.92,41.7002,-86.2379,41.7002,-86.2379
Janko B,Lee Cs,1,97,1999,1999,Janko BLee Cs,45.26,-250.28,7.93,-236.92,41.7074,-87.9756,41.7002,-86.2379
Barabasi Al,Kim Cs,2,54,1998,1999,Barabasi AlKim Cs,29.22,-94.74,13.4,33.25,41.7002,-86.2379,,
Barabasi Al,Merz Jl,2,54,1998,1999,Barabasi AlMerz Jl,29.22,-94.74,24.38,32.81,41.7002,-86.2379,,
Daruka I,Furdyna Jk,2,54,1998,1999,Daruka IFurdyna Jk,42.89,70.91,-12.5,-31.37,41.7002,-86.2379,,
Daruka I,Kim Cs,2,54,1998,1999,Daruka IKim Cs,42.89,70.91,13.4,33.25,41.7002,-86.2379,,
Daruka I,Lee S,2,54,1998,1999,Daruka ILee S,42.89,70.91,-2.41,-21.87,41.7002,-86.2379,41.7002,-86.2379
Daruka I,Merz Jl,2,54,1998,1999,Daruka IMerz Jl,42.89,70.91,24.38,32.81,41.7002,-86.2379,,
Furdyna Jk,Kim Cs,2,54,1998,1999,Furdyna JkKim Cs,-12.5,-31.37,13.4,33.25,,,,
Furdyna Jk,Merz Jl,2,54,1998,1999,Furdyna JkMerz Jl,-12.5,-31.37,24.38,32.81,,,,
Kim Cs,Lee S,2,54,1998,1999,Kim CsLee S,13.4,33.25,-2.41,-21.87,,,41.7002,-86.2379
Kim Cs,Merz Jl,2,54,1998,1999,Kim CsMerz Jl,13.4,33.25,24.38,32.81,,,,
Lee S,Merz Jl,2,54,1998,1999,Lee SMerz Jl,-2.41,-21.87,24.38,32.81,41.7002,-86.2379,,
Barabasi Al,Tersoff J,1,95,1999,1999,Barabasi AlTersoff J,29.22,-94.74,53.79,37.13,41.7002,-86.2379,41.2999,-73.7924
Daruka I,Tersoff J,1,95,1999,1999,Daruka ITersoff J,42.89,70.91,53.79,37.13,41.7002,-86.2379,41.2999,-73.7924
Albert R,Pfeifer Ma,1,49,1999,1999,Albert RPfeifer Ma,-25.26,-272.86,-43.37,-244.05,41.7002,-86.2379,,
Barabasi Al,Pfeifer Ma,1,49,1999,1999,Barabasi AlPfeifer Ma,29.22,-94.74,-43.37,-244.05,41.7002,-86.2379,,
Pfeifer Ma,Schiffer P,1,49,1999,1999,Pfeifer MaSchiffer P,-43.37,-244.05,-87.23,-278.51,,,,
Barabasi Al,Czirok A,1,27,1999,1999,Barabasi AlCzirok A,29.22,-94.74,-4.08,-175.75,41.7002,-86.2379,,
Czirok A,Vicsek T,1,27,1999,1999,Czirok AVicsek T,-4.08,-175.75,-4.72,-215.17,,,41.7002,-86.2379
Barabasi Al,Lee C,2,79,1998,1998,Barabasi AlLee C,29.22,-94.74,70.26,-224.16,41.7002,-86.2379,41.7002,-86.2379
Albert R,Carle N,1,19,1998,1998,Albert RCarle N,-25.26,-272.86,6.26,-262.83,41.7002,-86.2379,,
Albert R,Dougherty A,1,19,1998,1998,Albert RDougherty A,-25.26,-272.86,10.67,-271.11,41.7002,-86.2379,,
Barabasi Al,Carle N,1,19,1998,1998,Barabasi AlCarle N,29.22,-94.74,6.26,-262.83,41.7002,-86.2379,,
Barabasi Al,Dougherty A,1,19,1998,1998,Barabasi AlDougherty A,29.22,-94.74,10.67,-271.11,41.7002,-86.2379,,
Carle N,Dougherty A,1,19,1998,1998,Carle NDougherty A,6.26,-262.83,10.67,-271.11,,,,
Barabasi Al,Frey U,1,8,1998,1998,Barabasi AlFrey U,29.22,-94.74,-15.7,40.44,41.7002,-86.2379,,
Barabasi Al,Silverman M,1,8,1998,1998,Barabasi AlSilverman M,29.22,-94.74,-17.08,31.27,41.7002,-86.2379,41.7002,-86.2379
Barabasi Al,Suki B,4,187,1994,1998,Barabasi AlSuki B,29.22,-94.74,-53.62,25.82,41.7002,-86.2379,42.3471,-71.1027
Frey U,Silverman M,1,8,1998,1998,Frey USilverman M,-15.7,40.44,-17.08,31.27,,,41.7002,-86.2379
Frey U,Suki B,1,8,1998,1998,Frey USuki B,-15.7,40.44,-53.62,25.82,,,42.3471,-71.1027
Silverman M,Suki B,1,8,1998,1998,Silverman MSuki B,-17.08,31.27,-53.62,25.82,41.7002,-86.2379,42.3471,-71.1027
Derenyi I,Lee C,1,55,1998,1998,Derenyi ILee C,91.88,-253.75,70.26,-224.16,41.7002,-86.2379,41.7002,-86.2379
Albert I,Hornbaker D,1,53,1997,1997,Albert IHornbaker D,-82.93,-297.2,-52.46,-283.84,40.7997,-77.8623,,
Albert R,Hornbaker D,1,53,1997,1997,Albert RHornbaker D,-25.26,-272.86,-52.46,-283.84,41.7002,-86.2379,,
Barabasi Al,Hornbaker D,1,53,1997,1997,Barabasi AlHornbaker D,29.22,-94.74,-52.46,-283.84,41.7002,-86.2379,,
Hornbaker D,Schiffer P,1,53,1997,1997,Hornbaker DSchiffer P,-52.46,-283.84,-87.23,-278.51,,,,
Albert I,Hornbaker Dj,1,85,1997,1997,Albert IHornbaker Dj,-82.93,-297.2,-46.56,-295.57,40.7997,-77.8623,,
Albert R,Hornbaker Dj,1,85,1997,1997,Albert RHornbaker Dj,-25.26,-272.86,-46.56,-295.57,41.7002,-86.2379,,
Barabasi Al,Hornbaker Dj,1,85,1997,1997,Barabasi AlHornbaker Dj,29.22,-94.74,-46.56,-295.57,41.7002,-86.2379,,
Hornbaker Dj,Schiffer P,1,85,1997,1997,Hornbaker DjSchiffer P,-46.56,-295.57,-87.23,-278.51,,,,
Barabasi Al,Kaxiras E,1,1,1996,1996,Barabasi AlKaxiras E,29.22,-94.74,50.86,-38.57,41.7002,-86.2379,42.3647,-71.1042
Amaral Lan,Barabasi Al,6,205,1994,2004,Amaral LanBarabasi Al,-196.84,-69.07,29.22,-94.74,42.3471,-71.1027,41.7002,-86.2379
Amaral Lan,Buldyrev Sv,3,59,1994,1996,Amaral LanBuldyrev Sv,-196.84,-69.07,-114.68,-92.55,42.3471,-71.1027,42.3471,-71.1027
Amaral Lan,Harrington St,2,30,1995,1996,Amaral LanHarrington St,-196.84,-69.07,-136.94,-74.62,42.3471,-71.1027,,
Amaral Lan,Havlin S,3,59,1994,1996,Amaral LanHavlin S,-196.84,-69.07,-104.21,-67.35,42.3471,-71.1027,42.3471,-71.1027
Amaral Lan,Kertesz J,1,3,1996,1996,Amaral LanKertesz J,-196.84,-69.07,-96.22,-130.32,42.3471,-71.1027,,
Amaral Lan,Sadrlahijany R,2,30,1995,1996,Amaral LanSadrlahijany R,-196.84,-69.07,-140.68,-89.2,42.3471,-71.1027,,
Amaral Lan,Stanley He,5,193,1994,1996,Amaral LanStanley He,-196.84,-69.07,-142.01,-10.88,42.3471,-71.1027,42.3471,-71.1027
Barabasi Al,Buldyrev Sv,6,326,1992,1996,Barabasi AlBuldyrev Sv,29.22,-94.74,-114.68,-92.55,41.7002,-86.2379,42.3471,-71.1027
Barabasi Al,Harrington St,2,30,1995,1996,Barabasi AlHarrington St,29.22,-94.74,-136.94,-74.62,41.7002,-86.2379,,
Barabasi Al,Sadrlahijany R,2,30,1995,1996,Barabasi AlSadrlahijany R,29.22,-94.74,-140.68,-89.2,41.7002,-86.2379,,
Barabasi Al,Stanley He,16,749,1992,1996,Barabasi AlStanley He,29.22,-94.74,-142.01,-10.88,41.7002,-86.2379,42.3471,-71.1027
Buldyrev Sv,Harrington St,2,30,1995,1996,Buldyrev SvHarrington St,-114.68,-92.55,-136.94,-74.62,42.3471,-71.1027,,
Buldyrev Sv,Havlin S,5,299,1992,1996,Buldyrev SvHavlin S,-114.68,-92.55,-104.21,-67.35,42.3471,-71.1027,42.3471,-71.1027
Buldyrev Sv,Kertesz J,2,30,1992,1996,Buldyrev SvKertesz J,-114.68,-92.55,-96.22,-130.32,42.3471,-71.1027,,
Buldyrev Sv,Sadrlahijany R,2,30,1995,1996,Buldyrev SvSadrlahijany R,-114.68,-92.55,-140.68,-89.2,42.3471,-71.1027,,
Buldyrev Sv,Stanley He,6,326,1992,1996,Buldyrev SvStanley He,-114.68,-92.55,-142.01,-10.88,42.3471,-71.1027,42.3471,-71.1027
Harrington St,Havlin S,2,30,1995,1996,Harrington StHavlin S,-136.94,-74.62,-104.21,-67.35,,,42.3471,-71.1027
Harrington St,Kertesz J,1,3,1996,1996,Harrington StKertesz J,-136.94,-74.62,-96.22,-130.32,,,,
Harrington St,Sadrlahijany R,2,30,1995,1996,Harrington StSadrlahijany R,-136.94,-74.62,-140.68,-89.2,,,,
Harrington St,Stanley He,2,30,1995,1996,Harrington StStanley He,-136.94,-74.62,-142.01,-10.88,,,42.3471,-71.1027
Havlin S,Kertesz J,2,30,1992,1996,Havlin SKertesz J,-104.21,-67.35,-96.22,-130.32,42.3471,-71.1027,,
Havlin S,Sadrlahijany R,2,30,1995,1996,Havlin SSadrlahijany R,-104.21,-67.35,-140.68,-89.2,42.3471,-71.1027,,
Havlin S,Stanley He,10,468,1992,1996,Havlin SStanley He,-104.21,-67.35,-142.01,-10.88,42.3471,-71.1027,42.3471,-71.1027
Kertesz J,Sadrlahijany R,1,3,1996,1996,Kertesz JSadrlahijany R,-96.22,-130.32,-140.68,-89.2,,,,
Kertesz J,Stanley He,2,30,1992,1996,Kertesz JStanley He,-96.22,-130.32,-142.01,-10.88,,,42.3471,-71.1027
Sadrlahijany R,Stanley He,2,30,1995,1996,Sadrlahijany RStanley He,-140.68,-89.2,-142.01,-10.88,,,42.3471,-71.1027
Barabasi Al,Jensen P,5,169,1994,1996,Barabasi AlJensen P,29.22,-94.74,-91.95,-31.08,41.7002,-86.2379,41.7002,-86.2379
Barabasi Al,Larralde H,5,169,1994,1996,Barabasi AlLarralde H,29.22,-94.74,-89.89,-20.94,41.7002,-86.2379,,
Havlin S,Jensen P,5,169,1994,1996,Havlin SJensen P,-104.21,-67.35,-91.95,-31.08,42.3471,-71.1027,41.7002,-86.2379
Havlin S,Larralde H,5,169,1994,1996,Havlin SLarralde H,-104.21,-67.35,-89.89,-20.94,42.3471,-71.1027,,
Jensen P,Larralde H,5,169,1994,1996,Jensen PLarralde H,-91.95,-31.08,-89.89,-20.94,41.7002,-86.2379,,
Jensen P,Stanley He,5,169,1994,1996,Jensen PStanley He,-91.95,-31.08,-142.01,-10.88,41.7002,-86.2379,42.3471,-71.1027
Larralde H,Stanley He,5,169,1994,1996,Larralde HStanley He,-89.89,-20.94,-142.01,-10.88,,,42.3471,-71.1027
Barabasi Al,Martinez Do,1,2,1996,1996,Barabasi AlMartinez Do,29.22,-94.74,-74.52,87.42,41.7002,-86.2379,41.7002,-86.2379
Barabasi Al,Molinasmata P,1,2,1996,1996,Barabasi AlMolinasmata P,29.22,-94.74,-83.24,84.41,41.7002,-86.2379,41.2999,-73.7924
Barabasi Al,Munoz Ma,2,13,1996,1996,Barabasi AlMunoz Ma,29.22,-94.74,-180.57,133.19,41.7002,-86.2379,35.8639,-106.2953
Martinez Do,Molinasmata P,1,2,1996,1996,Martinez DoMolinasmata P,-74.52,87.42,-83.24,84.41,41.7002,-86.2379,41.2999,-73.7924
Martinez Do,Munoz Ma,1,2,1996,1996,Martinez DoMunoz Ma,-74.52,87.42,-180.57,133.19,41.7002,-86.2379,35.8639,-106.2953
Molinasmata P,Munoz Ma,1,2,1996,1996,Molinasmata PMunoz Ma,-83.24,84.41,-180.57,133.19,41.2999,-73.7924,35.8639,-106.2953
Barabasi Al,Makse Ha,2,53,1995,1996,Barabasi AlMakse Ha,29.22,-94.74,-125.68,-43.07,41.7002,-86.2379,42.3471,-71.1027
Makse Ha,Stanley He,2,53,1995,1996,Makse HaStanley He,-125.68,-43.07,-142.01,-10.88,42.3471,-71.1027,42.3471,-71.1027
Buldyrev Sv,Suki B,1,27,1996,1996,Buldyrev SvSuki B,-114.68,-92.55,-53.62,25.82,42.3471,-71.1027,42.3471,-71.1027
Stanley He,Suki B,2,133,1994,1996,Stanley HeSuki B,-142.01,-10.88,-53.62,25.82,42.3471,-71.1027,42.3471,-71.1027
Barabasi Al,Grinstein G,1,11,1996,1996,Barabasi AlGrinstein G,29.22,-94.74,-82.45,64.19,41.7002,-86.2379,,
Grinstein G,Munoz Ma,1,11,1996,1996,Grinstein GMunoz Ma,-82.45,64.19,-180.57,133.19,,,35.8639,-106.2953
Amaral Lan,Makse Ha,1,52,1995,1995,Amaral LanMakse Ha,-196.84,-69.07,-125.68,-43.07,42.3471,-71.1027,42.3471,-71.1027
Barabasi Al,Lutchen Kr,1,46,1994,1994,Barabasi AlLutchen Kr,29.22,-94.74,-17.57,8.73,41.7002,-86.2379,,
Lutchen Kr,Suki B,1,46,1994,1994,Lutchen KrSuki B,-17.57,8.73,-53.62,25.82,,,42.3471,-71.1027
Barabasi Al,Hantos Z,1,106,1994,1994,Barabasi AlHantos Z,29.22,-94.74,-71.56,25.01,41.7002,-86.2379,,
Barabasi Al,Petak F,1,106,1994,1994,Barabasi AlPetak F,29.22,-94.74,-68.64,13.77,41.7002,-86.2379,,
Hantos Z,Petak F,1,106,1994,1994,Hantos ZPetak F,-71.56,25.01,-68.64,13.77,,,,
Hantos Z,Stanley He,1,106,1994,1994,Hantos ZStanley He,-71.56,25.01,-142.01,-10.88,,,42.3471,-71.1027
Hantos Z,Suki B,1,106,1994,1994,Hantos ZSuki B,-71.56,25.01,-53.62,25.82,,,42.3471,-71.1027
Petak F,Stanley He,1,106,1994,1994,Petak FStanley He,-68.64,13.77,-142.01,-10.88,,,42.3471,-71.1027
Petak F,Suki B,1,106,1994,1994,Petak FSuki B,-68.64,13.77,-53.62,25.82,,,42.3471,-71.1027
Barabasi Al,Xenias Hs,1,27,1992,1992,Barabasi AlXenias Hs,29.22,-94.74,-94.42,-82.33,41.7002,-86.2379,,
Buldyrev Sv,Xenias Hs,1,27,1992,1992,Buldyrev SvXenias Hs,-114.68,-92.55,-94.42,-82.33,42.3471,-71.1027,,
Havlin S,Xenias Hs,1,27,1992,1992,Havlin SXenias Hs,-104.21,-67.35,-94.42,-82.33,42.3471,-71.1027,,
Kertesz J,Xenias Hs,1,27,1992,1992,Kertesz JXenias Hs,-96.22,-130.32,-94.42,-82.33,,,,
Stanley He,Xenias Hs,1,27,1992,1992,Stanley HeXenias Hs,-142.01,-10.88,-94.42,-82.33,42.3471,-71.1027,,
Barabasi Al,Caserta F,1,213,1992,1992,Barabasi AlCaserta F,29.22,-94.74,-79.75,-102.39,41.7002,-86.2379,,
Buldyrev Sv,Caserta F,1,213,1992,1992,Buldyrev SvCaserta F,-114.68,-92.55,-79.75,-102.39,42.3471,-71.1027,,
Buldyrev Sv,Vicsek T,1,213,1992,1992,Buldyrev SvVicsek T,-114.68,-92.55,-4.72,-215.17,42.3471,-71.1027,41.7002,-86.2379
Caserta F,Havlin S,1,213,1992,1992,Caserta FHavlin S,-79.75,-102.39,-104.21,-67.35,,,42.3471,-71.1027
Caserta F,Stanley He,1,213,1992,1992,Caserta FStanley He,-79.75,-102.39,-142.01,-10.88,,,42.3471,-71.1027
Caserta F,Vicsek T,1,213,1992,1992,Caserta FVicsek T,-79.75,-102.39,-4.72,-215.17,,,41.7002,-86.2379
Havlin S,Vicsek T,1,213,1992,1992,Havlin SVicsek T,-104.21,-67.35,-4.72,-215.17,42.3471,-71.1027,41.7002,-86.2379
Stanley He,Vicsek T,1,213,1992,1992,Stanley HeVicsek T,-142.01,-10.88,-4.72,-215.17,42.3471,-71.1027,41.7002,-86.2379
Araujo M,Barabasi Al,1,13,1992,1992,Araujo MBarabasi Al,-66.2,-18.91,29.22,-94.74,,,41.7002,-86.2379
Araujo M,Stanley He,1,13,1992,1992,Araujo MStanley He,-66.2,-18.91,-142.01,-10.88,,,42.3471,-71.1027
Barabasi Al,Bourbonnais R,1,42,1992,1992,Barabasi AlBourbonnais R,29.22,-94.74,-61.44,-176.05,41.7002,-86.2379,,
Barabasi Al,Jensen M,1,42,1992,1992,Barabasi AlJensen M,29.22,-94.74,-69.98,-186.23,41.7002,-86.2379,,
Barabasi Al,Zhang Yc,1,42,1992,1992,Barabasi AlZhang Yc,29.22,-94.74,-57.19,-188.63,41.7002,-86.2379,,
Bourbonnais R,Jensen M,1,42,1992,1992,Bourbonnais RJensen M,-61.44,-176.05,-69.98,-186.23,,,,
Bourbonnais R,Kertesz J,1,42,1992,1992,Bourbonnais RKertesz J,-61.44,-176.05,-96.22,-130.32,,,,
Bourbonnais R,Vicsek T,1,42,1992,1992,Bourbonnais RVicsek T,-61.44,-176.05,-4.72,-215.17,,,41.7002,-86.2379
Bourbonnais R,Zhang Yc,1,42,1992,1992,Bourbonnais RZhang Yc,-61.44,-176.05,-57.19,-188.63,,,,
Jensen M,Kertesz J,1,42,1992,1992,Jensen MKertesz J,-69.98,-186.23,-96.22,-130.32,,,,
Jensen M,Vicsek T,1,42,1992,1992,Jensen MVicsek T,-69.98,-186.23,-4.72,-215.17,,,41.7002,-86.2379
Jensen M,Zhang Yc,1,42,1992,1992,Jensen MZhang Yc,-69.98,-186.23,-57.19,-188.63,,,,
Kertesz J,Vicsek T,1,42,1992,1992,Kertesz JVicsek T,-96.22,-130.32,-4.72,-215.17,,,41.7002,-86.2379
Kertesz J,Zhang Yc,1,42,1992,1992,Kertesz JZhang Yc,-96.22,-130.32,-57.19,-188.63,,,,
Vicsek T,Zhang Yc,1,42,1992,1992,Vicsek TZhang Yc,-4.72,-215.17,-57.19,-188.63,41.7002,-86.2379,,
Barabasi Al,Szepfalusy P,1,49,1991,1991,Barabasi AlSzepfalusy P,29.22,-94.74,5.96,-178.51,41.7002,-86.2379,,
Szepfalusy P,Vicsek T,1,49,1991,1991,Szepfalusy PVicsek T,5.96,-178.51,-4.72,-215.17,,,41.7002,-86.2379
Garfield E,Hargens Ll,1,0,2003,2003,Garfield EHargens Ll,26.42,533.27,-12.51,489.72,40.0018,-75.1179,47.6564,-122.3048
Garfield E,Lievrouw La,1,0,2003,2003,Garfield ELievrouw La,26.42,533.27,0.43,487.13,40.0018,-75.1179,33.7866,-118.2987
Garfield E,Marion Ls,1,0,2003,2003,Garfield EMarion Ls,26.42,533.27,-14.19,477.43,40.0018,-75.1179,39.9597,-75.2024
Garfield E,White Hd,1,0,2003,2003,Garfield EWhite Hd,26.42,533.27,-2.58,471.25,40.0018,-75.1179,,
Garfield E,Wilson Cs,1,0,2003,2003,Garfield EWilson Cs,26.42,533.27,8.83,476.84,40.0018,-75.1179,,
Hargens Ll,Lievrouw La,1,0,2003,2003,Hargens LlLievrouw La,-12.51,489.72,0.43,487.13,47.6564,-122.3048,33.7866,-118.2987
Hargens Ll,Marion Ls,1,0,2003,2003,Hargens LlMarion Ls,-12.51,489.72,-14.19,477.43,47.6564,-122.3048,39.9597,-75.2024
Hargens Ll,White Hd,1,0,2003,2003,Hargens LlWhite Hd,-12.51,489.72,-2.58,471.25,47.6564,-122.3048,,
Hargens Ll,Wilson Cs,1,0,2003,2003,Hargens LlWilson Cs,-12.51,489.72,8.83,476.84,47.6564,-122.3048,,
Lievrouw La,Marion Ls,1,0,2003,2003,Lievrouw LaMarion Ls,0.43,487.13,-14.19,477.43,33.7866,-118.2987,39.9597,-75.2024
Lievrouw La,White Hd,1,0,2003,2003,Lievrouw LaWhite Hd,0.43,487.13,-2.58,471.25,33.7866,-118.2987,,
Lievrouw La,Wilson Cs,1,0,2003,2003,Lievrouw LaWilson Cs,0.43,487.13,8.83,476.84,33.7866,-118.2987,,
Marion Ls,White Hd,1,0,2003,2003,Marion LsWhite Hd,-14.19,477.43,-2.58,471.25,39.9597,-75.2024,,
Marion Ls,Wilson Cs,1,0,2003,2003,Marion LsWilson Cs,-14.19,477.43,8.83,476.84,39.9597,-75.2024,,
White Hd,Wilson Cs,1,0,2003,2003,White HdWilson Cs,-2.58,471.25,8.83,476.84,,,,
Garfield E,Moed Hf,1,5,2004,2004,Garfield EMoed Hf,26.42,533.27,34.32,560.54,40.0018,-75.1179,,
Garfield E,Istomin Vs,3,15,2002,2003,Garfield EIstomin Vs,26.42,533.27,24.14,579.56,40.0018,-75.1179,46.7313,-117.1796
Garfield E,Pudovkin Ai,5,32,2002,2003,Garfield EPudovkin Ai,26.42,533.27,16.27,577.56,40.0018,-75.1179,,
Istomin Vs,Pudovkin Ai,3,15,2002,2003,Istomin VsPudovkin Ai,24.14,579.56,16.27,577.56,46.7313,-117.1796,,
Fagan J,Garfield E,1,0,2002,2002,Fagan JGarfield E,96.42,532.99,26.42,533.27,37.72,-89.2158,40.0018,-75.1179
Fagan J,Harmon G,1,0,2002,2002,Fagan JHarmon G,96.42,532.99,101.9,521.9,37.72,-89.2158,30.2852,-97.7354
Fagan J,Marchionini G,1,0,2002,2002,Fagan JMarchionini G,96.42,532.99,88.18,524.1,37.72,-89.2158,35.6306,-79.0839
Fagan J,Paris G,1,0,2002,2002,Fagan JParis G,96.42,532.99,93.22,513.09,37.72,-89.2158,40.7149,-74.3642
Garfield E,Harmon G,1,0,2002,2002,Garfield EHarmon G,26.42,533.27,101.9,521.9,40.0018,-75.1179,30.2852,-97.7354
Garfield E,Marchionini G,1,0,2002,2002,Garfield EMarchionini G,26.42,533.27,88.18,524.1,40.0018,-75.1179,35.6306,-79.0839
Garfield E,Paris G,1,0,2002,2002,Garfield EParis G,26.42,533.27,93.22,513.09,40.0018,-75.1179,40.7149,-74.3642
Harmon G,Marchionini G,1,0,2002,2002,Harmon GMarchionini G,101.9,521.9,88.18,524.1,30.2852,-97.7354,35.6306,-79.0839
Harmon G,Paris G,1,0,2002,2002,Harmon GParis G,101.9,521.9,93.22,513.09,30.2852,-97.7354,40.7149,-74.3642
Marchionini G,Paris G,1,0,2002,2002,Marchionini GParis G,88.18,524.1,93.22,513.09,35.6306,-79.0839,40.7149,-74.3642
Abt Ha,Garfield E,1,3,2002,2002,Abt HaGarfield E,51.8,519.13,26.42,533.27,32.2027,-110.9453,40.0018,-75.1179
Garfield E,Welljamsdorof A,4,79,1990,1992,Garfield EWelljamsdorof A,26.42,533.27,29.61,506.15,40.0018,-75.1179,,
Garfield E,Small H,3,94,1975,1991,Garfield ESmall H,26.42,533.27,52.43,494.6,40.0018,-75.1179,,
Fisher J,Garfield E,1,1,1985,1985,Fisher JGarfield E,53.65,542.07,26.42,533.27,32.7466,-117.1636,40.0018,-75.1179
Garfield E,Vladutz G,1,2,1979,1979,Garfield EVladutz G,26.42,533.27,46.08,553.69,40.0018,-75.1179,,
Garfield E,Sim M,1,3,1977,1977,Garfield ESim M,26.42,533.27,55.59,530.26,40.0018,-75.1179,,
Direnzo T,Garfield E,1,3,1977,1977,Direnzo TGarfield E,67.9,554.53,26.42,533.27,,,40.0018,-75.1179
Direnzo T,Koenig M,1,3,1977,1977,Direnzo TKoenig M,67.9,554.53,65.73,562.2,,,,
Garfield E,Koenig M,1,3,1977,1977,Garfield EKoenig M,26.42,533.27,65.73,562.2,40.0018,-75.1179,,
Garfield E,Malin Mv,1,11,1975,1975,Garfield EMalin Mv,26.42,533.27,58.59,499.91,40.0018,-75.1179,,
Malin Mv,Small H,1,11,1975,1975,Malin MvSmall H,58.59,499.91,52.43,494.6,,,,
Garfield E,Granito Ce,3,35,1970,1973,Garfield EGranito Ce,26.42,533.27,-51.93,550.1,40.0018,-75.1179,39.9474,-75.1473
Batzig Jh,Garfield E,1,14,1973,1973,Batzig JhGarfield E,-10.02,562.66,26.42,533.27,,,40.0018,-75.1179
Batzig Jh,Revesz Gs,1,14,1973,1973,Batzig JhRevesz Gs,-10.02,562.66,-32.01,563.87,,,,
Garfield E,Revesz Gs,3,42,1970,1973,Garfield ERevesz Gs,26.42,533.27,-32.01,563.87,40.0018,-75.1179,,
Calderon Mm,Dorr Ha,1,25,1970,1970,Calderon MmDorr Ha,-43.72,540.18,-34.87,548.95,,,,
Calderon Mm,Garfield E,1,25,1970,1970,Calderon MmGarfield E,-43.72,540.18,26.42,533.27,,,40.0018,-75.1179
Calderon Mm,Granito Ce,1,25,1970,1970,Calderon MmGranito Ce,-43.72,540.18,-51.93,550.1,,,39.9474,-75.1473
Calderon Mm,Revesz Gs,1,25,1970,1970,Calderon MmRevesz Gs,-43.72,540.18,-32.01,563.87,,,,
Calderon Mm,Warner A,1,25,1970,1970,Calderon MmWarner A,-43.72,540.18,-46.38,561.54,,,,
Dorr Ha,Garfield E,1,25,1970,1970,Dorr HaGarfield E,-34.87,548.95,26.42,533.27,,,40.0018,-75.1179
Dorr Ha,Granito Ce,1,25,1970,1970,Dorr HaGranito Ce,-34.87,548.95,-51.93,550.1,,,39.9474,-75.1473
Dorr Ha,Revesz Gs,1,25,1970,1970,Dorr HaRevesz Gs,-34.87,548.95,-32.01,563.87,,,,
Dorr Ha,Warner A,1,25,1970,1970,Dorr HaWarner A,-34.87,548.95,-46.38,561.54,,,,
Garfield E,Warner A,1,25,1970,1970,Garfield EWarner A,26.42,533.27,-46.38,561.54,40.0018,-75.1179,,
Granito Ce,Revesz Gs,2,28,1970,1970,Granito CeRevesz Gs,-51.93,550.1,-32.01,563.87,39.9474,-75.1473,,
Granito Ce,Warner A,1,25,1970,1970,Granito CeWarner A,-51.93,550.1,-46.38,561.54,39.9474,-75.1473,,
Revesz Gs,Warner A,1,25,1970,1970,Revesz GsWarner A,-32.01,563.87,-46.38,561.54,,,,
Garfield E,Sher Ih,3,129,1963,1967,Garfield ESher Ih,26.42,533.27,6.09,549.84,40.0018,-75.1179,,
Garfield E,Stevens Lj,1,1,1965,1965,Garfield EStevens Lj,26.42,533.27,41.83,509.78,40.0018,-75.1179,,
Avakian Ea,Garfield E,1,9,1957,1957,Avakian EaGarfield E,19.12,560.03,26.42,533.27,,,40.0018,-75.1179
Garfield E,Hayne Rl,1,5,1957,1957,Garfield EHayne Rl,26.42,533.27,44.18,577.54,40.0018,-75.1179,,
Garfield E,Rockwell He,1,5,1957,1957,Garfield ERockwell He,26.42,533.27,51.53,574.45,40.0018,-75.1179,,
Hayne Rl,Rockwell He,1,5,1957,1957,Hayne RlRockwell He,44.18,577.54,51.53,574.45,,,,
Barrat A,Barthelemy M,9,454,2004,2006,Barrat ABarthelemy M,-255.96,-4.83,-302.29,28.18,39.1401,-86.5083,39.1745,-86.5183
Barrat A,Colizza V,1,24,2006,2006,Barrat AColizza V,-255.96,-4.83,-299.4,86.98,39.1401,-86.5083,39.1401,-86.5083
Barrat A,Vespignani A,13,480,1999,2006,Barrat AVespignani A,-255.96,-4.83,-351.24,84.48,39.1401,-86.5083,39.1745,-86.5183
Barthelemy M,Colizza V,1,24,2006,2006,Barthelemy MColizza V,-302.29,28.18,-299.4,86.98,39.1745,-86.5183,39.1401,-86.5083
Barthelemy M,Vespignani A,9,454,2004,2006,Barthelemy MVespignani A,-302.29,28.18,-351.24,84.48,39.1745,-86.5183,39.1745,-86.5183
Colizza V,Vespignani A,3,47,2005,2006,Colizza VVespignani A,-299.4,86.98,-351.24,84.48,39.1401,-86.5083,39.1745,-86.5183
Colizza V,Flammini A,2,23,2005,2006,Colizza VFlammini A,-299.4,86.98,-299.58,126.88,39.1401,-86.5083,39.1745,-86.5183
Colizza V,Serrano Ma,1,16,2006,2006,Colizza VSerrano Ma,-299.4,86.98,-322.37,124.24,39.1401,-86.5083,,
Flammini A,Serrano Ma,1,16,2006,2006,Flammini ASerrano Ma,-299.58,126.88,-322.37,124.24,39.1745,-86.5183,,
Flammini A,Vespignani A,4,126,2003,2006,Flammini AVespignani A,-299.58,126.88,-351.24,84.48,39.1745,-86.5183,39.1745,-86.5183
Serrano Ma,Vespignani A,1,16,2006,2006,Serrano MaVespignani A,-322.37,124.24,-351.24,84.48,,,39.1745,-86.5183
Alvarez Hamelin I,Barrat A,2,8,2005,2005,Alvarez Hamelin IBarrat A,-284.03,37.28,-255.96,-4.83,41.7002,-86.2379,39.1401,-86.5083
Alvarez Hamelin I,Dallasta L,2,8,2005,2005,Alvarez Hamelin IDallasta L,-284.03,37.28,-319.98,23.59,41.7002,-86.2379,,
Alvarez Hamelin I,Vazquez A,2,8,2005,2005,Alvarez Hamelin IVazquez A,-284.03,37.28,-171.55,46.66,41.7002,-86.2379,41.7002,-86.2379
Alvarez Hamelin I,Vespignani A,2,8,2005,2005,Alvarez Hamelin IVespignani A,-284.03,37.28,-351.24,84.48,41.7002,-86.2379,39.1745,-86.5183
Barrat A,Dallasta L,2,8,2005,2005,Barrat ADallasta L,-255.96,-4.83,-319.98,23.59,39.1401,-86.5083,,
Barrat A,Vazquez A,2,8,2005,2005,Barrat AVazquez A,-255.96,-4.83,-171.55,46.66,39.1401,-86.5083,41.7002,-86.2379
Dallasta L,Vazquez A,2,8,2005,2005,Dallasta LVazquez A,-319.98,23.59,-171.55,46.66,,,41.7002,-86.2379
Dallasta L,Vespignani A,3,10,2005,2005,Dallasta LVespignani A,-319.98,23.59,-351.24,84.48,,,39.1745,-86.5183
Vazquez A,Vespignani A,8,571,2001,2005,Vazquez AVespignani A,-171.55,46.66,-351.24,84.48,41.7002,-86.2379,39.1745,-86.5183
Dujon B,Vergassola M,1,2,2005,2005,Dujon BVergassola M,-423.23,110.73,-422.45,118.64,,,,
Dujon B,Vespignani A,1,2,2005,2005,Dujon BVespignani A,-423.23,110.73,-351.24,84.48,,,39.1745,-86.5183
Vergassola M,Vespignani A,2,3,1991,2005,Vergassola MVespignani A,-422.45,118.64,-351.24,84.48,,,39.1745,-86.5183
Colizza V,Maritan A,1,7,2005,2005,Colizza VMaritan A,-299.4,86.98,-276.85,103.73,39.1401,-86.5083,,
Flammini A,Maritan A,2,103,2003,2005,Flammini AMaritan A,-299.58,126.88,-276.85,103.73,39.1745,-86.5183,,
Maritan A,Vespignani A,2,103,2003,2005,Maritan AVespignani A,-276.85,103.73,-351.24,84.48,,,39.1745,-86.5183
Barrat A,Pastor Satorras R,5,302,2004,2005,Barrat APastor Satorras R,-255.96,-4.83,-249.25,-27.56,39.1401,-86.5083,,
Barthelemy M,Pastor Satorras R,4,290,2004,2005,Barthelemy MPastor Satorras R,-302.29,28.18,-249.25,-27.56,39.1745,-86.5183,,
Pastor Satorras R,Vespignani A,24,1769,2000,2005,Pastor Satorras RVespignani A,-249.25,-27.56,-351.24,84.48,,,39.1745,-86.5183
Borner K,Dallasta L,1,2,2005,2005,Borner KDallasta L,-373.15,27.65,-319.98,23.59,39.1682,-86.5186,,
Borner K,Ke Wm,1,2,2005,2005,Borner KKe Wm,-373.15,27.65,-370.98,18.98,39.1682,-86.5186,39.1745,-86.5183
Borner K,Vespignani A,1,2,2005,2005,Borner KVespignani A,-373.15,27.65,-351.24,84.48,39.1682,-86.5186,39.1745,-86.5183
Dallasta L,Ke Wm,1,2,2005,2005,Dallasta LKe Wm,-319.98,23.59,-370.98,18.98,,,39.1745,-86.5183
Ke Wm,Vespignani A,1,2,2005,2005,Ke WmVespignani A,-370.98,18.98,-351.24,84.48,39.1745,-86.5183,39.1745,-86.5183
Moreno Y,Nekovee M,1,9,2004,2004,Moreno YNekovee M,-273.34,52.76,-315.03,63.67,,,,
Moreno Y,Vespignani A,4,145,2002,2004,Moreno YVespignani A,-273.34,52.76,-351.24,84.48,,,39.1745,-86.5183
Nekovee M,Vespignani A,1,9,2004,2004,Nekovee MVespignani A,-315.03,63.67,-351.24,84.48,,,39.1745,-86.5183
Caldarelli G,Erzan A,2,12,2004,2004,Caldarelli GErzan A,-283.13,-58.58,-262.39,-58.62,41.3082,-72.9282,,
Caldarelli G,Vespignani A,6,50,1994,2004,Caldarelli GVespignani A,-283.13,-58.58,-351.24,84.48,41.3082,-72.9282,39.1745,-86.5183
Erzan A,Vespignani A,3,97,1995,2004,Erzan AVespignani A,-262.39,-58.62,-351.24,84.48,,,39.1745,-86.5183
Amaral Lan,Barrat A,1,12,2004,2004,Amaral LanBarrat A,-196.84,-69.07,-255.96,-4.83,42.3471,-71.1027,39.1401,-86.5083
Amaral Lan,Caldarelli G,1,12,2004,2004,Amaral LanCaldarelli G,-196.84,-69.07,-283.13,-58.58,42.3471,-71.1027,41.3082,-72.9282
Amaral Lan,De Los Rios P,1,12,2004,2004,Amaral LanDe Los Rios P,-196.84,-69.07,-248.11,-82.38,42.3471,-71.1027,,
Amaral Lan,Erzan A,1,12,2004,2004,Amaral LanErzan A,-196.84,-69.07,-262.39,-58.62,42.3471,-71.1027,,
Amaral Lan,Kahng B,1,12,2004,2004,Amaral LanKahng B,-196.84,-69.07,-144.21,-156.57,42.3471,-71.1027,41.7002,-86.2379
Amaral Lan,Mantegna R,1,12,2004,2004,Amaral LanMantegna R,-196.84,-69.07,-233.61,-57.31,42.3471,-71.1027,,
Amaral Lan,Mendes Jff,1,12,2004,2004,Amaral LanMendes Jff,-196.84,-69.07,-234.9,-74.07,42.3471,-71.1027,,
Amaral Lan,Pastor Satorras R,1,12,2004,2004,Amaral LanPastor Satorras R,-196.84,-69.07,-249.25,-27.56,42.3471,-71.1027,,
Amaral Lan,Vespignani A,1,12,2004,2004,Amaral LanVespignani A,-196.84,-69.07,-351.24,84.48,42.3471,-71.1027,39.1745,-86.5183
Barabasi Al,Barrat A,1,12,2004,2004,Barabasi AlBarrat A,29.22,-94.74,-255.96,-4.83,41.7002,-86.2379,39.1401,-86.5083
Barabasi Al,Caldarelli G,1,12,2004,2004,Barabasi AlCaldarelli G,29.22,-94.74,-283.13,-58.58,41.7002,-86.2379,41.3082,-72.9282
Barabasi Al,De Los Rios P,1,12,2004,2004,Barabasi AlDe Los Rios P,29.22,-94.74,-248.11,-82.38,41.7002,-86.2379,,
Barabasi Al,Erzan A,1,12,2004,2004,Barabasi AlErzan A,29.22,-94.74,-262.39,-58.62,41.7002,-86.2379,,
Barabasi Al,Mantegna R,1,12,2004,2004,Barabasi AlMantegna R,29.22,-94.74,-233.61,-57.31,41.7002,-86.2379,,
Barabasi Al,Mendes Jff,1,12,2004,2004,Barabasi AlMendes Jff,29.22,-94.74,-234.9,-74.07,41.7002,-86.2379,,
Barabasi Al,Pastor Satorras R,1,12,2004,2004,Barabasi AlPastor Satorras R,29.22,-94.74,-249.25,-27.56,41.7002,-86.2379,,
Barabasi Al,Vespignani A,1,12,2004,2004,Barabasi AlVespignani A,29.22,-94.74,-351.24,84.48,41.7002,-86.2379,39.1745,-86.5183
Barrat A,Caldarelli G,1,12,2004,2004,Barrat ACaldarelli G,-255.96,-4.83,-283.13,-58.58,39.1401,-86.5083,41.3082,-72.9282
Barrat A,De Los Rios P,1,12,2004,2004,Barrat ADe Los Rios P,-255.96,-4.83,-248.11,-82.38,39.1401,-86.5083,,
Barrat A,Erzan A,1,12,2004,2004,Barrat AErzan A,-255.96,-4.83,-262.39,-58.62,39.1401,-86.5083,,
Barrat A,Kahng B,1,12,2004,2004,Barrat AKahng B,-255.96,-4.83,-144.21,-156.57,39.1401,-86.5083,41.7002,-86.2379
Barrat A,Mantegna R,1,12,2004,2004,Barrat AMantegna R,-255.96,-4.83,-233.61,-57.31,39.1401,-86.5083,,
Barrat A,Mendes Jff,1,12,2004,2004,Barrat AMendes Jff,-255.96,-4.83,-234.9,-74.07,39.1401,-86.5083,,
Caldarelli G,De Los Rios P,1,12,2004,2004,Caldarelli GDe Los Rios P,-283.13,-58.58,-248.11,-82.38,41.3082,-72.9282,,
Caldarelli G,Kahng B,1,12,2004,2004,Caldarelli GKahng B,-283.13,-58.58,-144.21,-156.57,41.3082,-72.9282,41.7002,-86.2379
Caldarelli G,Mantegna R,1,12,2004,2004,Caldarelli GMantegna R,-283.13,-58.58,-233.61,-57.31,41.3082,-72.9282,,
Caldarelli G,Mendes Jff,1,12,2004,2004,Caldarelli GMendes Jff,-283.13,-58.58,-234.9,-74.07,41.3082,-72.9282,,
Caldarelli G,Pastor Satorras R,2,29,2004,2004,Caldarelli GPastor Satorras R,-283.13,-58.58,-249.25,-27.56,41.3082,-72.9282,,
De Los Rios P,Erzan A,1,12,2004,2004,De Los Rios PErzan A,-248.11,-82.38,-262.39,-58.62,,,,
De Los Rios P,Kahng B,1,12,2004,2004,De Los Rios PKahng B,-248.11,-82.38,-144.21,-156.57,,,41.7002,-86.2379
De Los Rios P,Mantegna R,1,12,2004,2004,De Los Rios PMantegna R,-248.11,-82.38,-233.61,-57.31,,,,
De Los Rios P,Mendes Jff,1,12,2004,2004,De Los Rios PMendes Jff,-248.11,-82.38,-234.9,-74.07,,,,
De Los Rios P,Pastor Satorras R,1,12,2004,2004,De Los Rios PPastor Satorras R,-248.11,-82.38,-249.25,-27.56,,,,
De Los Rios P,Vespignani A,1,12,2004,2004,De Los Rios PVespignani A,-248.11,-82.38,-351.24,84.48,,,39.1745,-86.5183
Erzan A,Kahng B,1,12,2004,2004,Erzan AKahng B,-262.39,-58.62,-144.21,-156.57,,,41.7002,-86.2379
Erzan A,Mantegna R,1,12,2004,2004,Erzan AMantegna R,-262.39,-58.62,-233.61,-57.31,,,,
Erzan A,Mendes Jff,1,12,2004,2004,Erzan AMendes Jff,-262.39,-58.62,-234.9,-74.07,,,,
Erzan A,Pastor Satorras R,1,12,2004,2004,Erzan APastor Satorras R,-262.39,-58.62,-249.25,-27.56,,,,
Kahng B,Mantegna R,1,12,2004,2004,Kahng BMantegna R,-144.21,-156.57,-233.61,-57.31,41.7002,-86.2379,,
Kahng B,Mendes Jff,1,12,2004,2004,Kahng BMendes Jff,-144.21,-156.57,-234.9,-74.07,41.7002,-86.2379,,
Kahng B,Pastor Satorras R,1,12,2004,2004,Kahng BPastor Satorras R,-144.21,-156.57,-249.25,-27.56,41.7002,-86.2379,,
Kahng B,Vespignani A,1,12,2004,2004,Kahng BVespignani A,-144.21,-156.57,-351.24,84.48,41.7002,-86.2379,39.1745,-86.5183
Mantegna R,Mendes Jff,1,12,2004,2004,Mantegna RMendes Jff,-233.61,-57.31,-234.9,-74.07,,,,
Mantegna R,Pastor Satorras R,1,12,2004,2004,Mantegna RPastor Satorras R,-233.61,-57.31,-249.25,-27.56,,,,
Mantegna R,Vespignani A,1,12,2004,2004,Mantegna RVespignani A,-233.61,-57.31,-351.24,84.48,,,39.1745,-86.5183
Mendes Jff,Pastor Satorras R,1,12,2004,2004,Mendes JffPastor Satorras R,-234.9,-74.07,-249.25,-27.56,,,,
Mendes Jff,Vespignani A,1,12,2004,2004,Mendes JffVespignani A,-234.9,-74.07,-351.24,84.48,,,39.1745,-86.5183
Boguna M,Pastor Satorras R,3,124,2003,2004,Boguna MPastor Satorras R,-258.65,48.46,-249.25,-27.56,,,,
Boguna M,Vespignani A,3,124,2003,2004,Boguna MVespignani A,-258.65,48.46,-351.24,84.48,,,39.1745,-86.5183
Bagnoli F,Cecconi F,1,7,2003,2003,Bagnoli FCecconi F,-353.88,147.49,-344.65,148.28,,,,
Bagnoli F,Flammini A,1,7,2003,2003,Bagnoli FFlammini A,-353.88,147.49,-299.58,126.88,,,39.1745,-86.5183
Bagnoli F,Vespignani A,1,7,2003,2003,Bagnoli FVespignani A,-353.88,147.49,-351.24,84.48,,,39.1745,-86.5183
Cecconi F,Flammini A,1,7,2003,2003,Cecconi FFlammini A,-344.65,148.28,-299.58,126.88,,,39.1745,-86.5183
Cecconi F,Vespignani A,1,7,2003,2003,Cecconi FVespignani A,-344.65,148.28,-351.24,84.48,,,39.1745,-86.5183
Castellano C,Vespignani A,4,111,1994,2003,Castellano CVespignani A,-393.79,-14.37,-351.24,84.48,,,39.1745,-86.5183
Castellano C,Vilone D,2,35,2002,2003,Castellano CVilone D,-393.79,-14.37,-402.52,8.75,,,,
Vespignani A,Vilone D,2,35,2002,2003,Vespignani AVilone D,-351.24,84.48,-402.52,8.75,39.1745,-86.5183,,
Flammini A,Vazquez A,1,96,2003,2003,Flammini AVazquez A,-299.58,126.88,-171.55,46.66,39.1745,-86.5183,41.7002,-86.2379
Maritan A,Vazquez A,1,96,2003,2003,Maritan AVazquez A,-276.85,103.73,-171.55,46.66,,,41.7002,-86.2379
Percacci R,Vespignani A,1,3,2003,2003,Percacci RVespignani A,-400.31,93.04,-351.24,84.48,,,39.1745,-86.5183
Boguna M,Moreno Y,1,30,2003,2003,Boguna MMoreno Y,-258.65,48.46,-273.34,52.76,,,,
Boguna M,Vazquez A,1,30,2003,2003,Boguna MVazquez A,-258.65,48.46,-171.55,46.66,,,41.7002,-86.2379
Moreno Y,Pastor Satorras R,3,136,2002,2003,Moreno YPastor Satorras R,-273.34,52.76,-249.25,-27.56,,,,
Moreno Y,Vazquez A,2,67,2003,2003,Moreno YVazquez A,-273.34,52.76,-171.55,46.66,,,41.7002,-86.2379
Pastor Satorras R,Vazquez A,4,414,2001,2003,Pastor Satorras RVazquez A,-249.25,-27.56,-171.55,46.66,,,41.7002,-86.2379
Miguel Mc,Vespignani A,4,116,2001,2002,Miguel McVespignani A,-355.25,211.63,-351.24,84.48,,,39.1745,-86.5183
Miguel Mc,Zaiser M,1,17,2002,2002,Miguel McZaiser M,-355.25,211.63,-356.62,190.47,,,,
Miguel Mc,Zapperi S,4,116,2001,2002,Miguel McZapperi S,-355.25,211.63,-308.58,167.2,,,42.3471,-71.1027
Vespignani A,Zaiser M,1,17,2002,2002,Vespignani AZaiser M,-351.24,84.48,-356.62,190.47,39.1745,-86.5183,,
Vespignani A,Zapperi S,33,1197,1994,2002,Vespignani AZapperi S,-351.24,84.48,-308.58,167.2,39.1745,-86.5183,42.3471,-71.1027
Zaiser M,Zapperi S,1,17,2002,2002,Zaiser MZapperi S,-356.62,190.47,-308.58,167.2,,,42.3471,-71.1027
Leone M,Vazquez A,1,53,2002,2002,Leone MVazquez A,-249.04,91.04,-171.55,46.66,,,41.7002,-86.2379
Leone M,Vespignani A,1,53,2002,2002,Leone MVespignani A,-249.04,91.04,-351.24,84.48,,,39.1745,-86.5183
Leone M,Zecchina R,1,53,2002,2002,Leone MZecchina R,-249.04,91.04,-243.5,99.74,,,,
Vazquez A,Zecchina R,1,53,2002,2002,Vazquez AZecchina R,-171.55,46.66,-243.5,99.74,41.7002,-86.2379,,
Vespignani A,Zecchina R,1,53,2002,2002,Vespignani AZecchina R,-351.24,84.48,-243.5,99.74,39.1745,-86.5183,,
Alava M,Dickman R,1,26,2001,2001,Alava MDickman R,-271.73,190.32,-265.03,177.28,,,40.8662,-73.9003
Alava M,Munoz Ma,1,26,2001,2001,Alava MMunoz Ma,-271.73,190.32,-180.57,133.19,,,35.8639,-106.2953
Alava M,Peltola J,1,26,2001,2001,Alava MPeltola J,-271.73,190.32,-259.07,188.1,,,40.817,-75.6011
Alava M,Vespignani A,1,26,2001,2001,Alava MVespignani A,-271.73,190.32,-351.24,84.48,,,39.1745,-86.5183
Alava M,Zapperi S,1,26,2001,2001,Alava MZapperi S,-271.73,190.32,-308.58,167.2,,,42.3471,-71.1027
Dickman R,Munoz Ma,5,289,1998,2001,Dickman RMunoz Ma,-265.03,177.28,-180.57,133.19,40.8662,-73.9003,35.8639,-106.2953
Dickman R,Peltola J,1,26,2001,2001,Dickman RPeltola J,-265.03,177.28,-259.07,188.1,40.8662,-73.9003,40.817,-75.6011
Dickman R,Vespignani A,6,367,1998,2001,Dickman RVespignani A,-265.03,177.28,-351.24,84.48,40.8662,-73.9003,39.1745,-86.5183
Dickman R,Zapperi S,6,367,1998,2001,Dickman RZapperi S,-265.03,177.28,-308.58,167.2,40.8662,-73.9003,42.3471,-71.1027
Munoz Ma,Peltola J,1,26,2001,2001,Munoz MaPeltola J,-180.57,133.19,-259.07,188.1,35.8639,-106.2953,40.817,-75.6011
Munoz Ma,Vespignani A,5,289,1998,2001,Munoz MaVespignani A,-180.57,133.19,-351.24,84.48,35.8639,-106.2953,39.1745,-86.5183
Munoz Ma,Zapperi S,5,289,1998,2001,Munoz MaZapperi S,-180.57,133.19,-308.58,167.2,35.8639,-106.2953,42.3471,-71.1027
Peltola J,Vespignani A,1,26,2001,2001,Peltola JVespignani A,-259.07,188.1,-351.24,84.48,40.817,-75.6011,39.1745,-86.5183
Peltola J,Zapperi S,1,26,2001,2001,Peltola JZapperi S,-259.07,188.1,-308.58,167.2,40.817,-75.6011,42.3471,-71.1027
Grasso Jr,Miguel Mc,3,99,2001,2001,Grasso JrMiguel Mc,-338.48,210.79,-355.25,211.63,,,,
Grasso Jr,Vespignani A,3,99,2001,2001,Grasso JrVespignani A,-338.48,210.79,-351.24,84.48,,,39.1745,-86.5183
Grasso Jr,Weiss J,3,99,2001,2001,Grasso JrWeiss J,-338.48,210.79,-344.91,202.29,,,,
Grasso Jr,Zapperi S,3,99,2001,2001,Grasso JrZapperi S,-338.48,210.79,-308.58,167.2,,,42.3471,-71.1027
Miguel Mc,Weiss J,3,99,2001,2001,Miguel McWeiss J,-355.25,211.63,-344.91,202.29,,,,
Vespignani A,Weiss J,3,99,2001,2001,Vespignani AWeiss J,-351.24,84.48,-344.91,202.29,39.1745,-86.5183,,
Weiss J,Zapperi S,3,99,2001,2001,Weiss JZapperi S,-344.91,202.29,-308.58,167.2,,,42.3471,-71.1027
Pietronero L,Tosatti E,1,18,2001,2001,Pietronero LTosatti E,-419.35,46.08,-449.83,66.71,42.3471,-71.1027,,
Pietronero L,Tosatti V,1,18,2001,2001,Pietronero LTosatti V,-419.35,46.08,-445.8,74.91,42.3471,-71.1027,,
Pietronero L,Vespignani A,18,398,1990,2001,Pietronero LVespignani A,-419.35,46.08,-351.24,84.48,42.3471,-71.1027,39.1745,-86.5183
Tosatti E,Tosatti V,1,18,2001,2001,Tosatti ETosatti V,-449.83,66.71,-445.8,74.91,,,,
Tosatti E,Vespignani A,1,18,2001,2001,Tosatti EVespignani A,-449.83,66.71,-351.24,84.48,,,39.1745,-86.5183
Tosatti V,Vespignani A,1,18,2001,2001,Tosatti VVespignani A,-445.8,74.91,-351.24,84.48,,,39.1745,-86.5183
Castellano C,Marsili M,1,56,2000,2000,Castellano CMarsili M,-393.79,-14.37,-440.04,7.65,,,,
Marsili M,Vespignani A,2,69,1991,2000,Marsili MVespignani A,-440.04,7.65,-351.24,84.48,,,39.1745,-86.5183
Pastor Satorras R,Rossi M,1,76,2000,2000,Pastor Satorras RRossi M,-249.25,-27.56,-329.58,4.58,,,,
Rossi M,Vespignani A,1,76,2000,2000,Rossi MVespignani A,-329.58,4.58,-351.24,84.48,,,39.1745,-86.5183
Chessa A,Vespignani A,4,75,1998,1999,Chessa AVespignani A,-269.86,125.74,-351.24,84.48,,,39.1745,-86.5183
Chessa A,Zapperi S,3,57,1998,1999,Chessa AZapperi S,-269.86,125.74,-308.58,167.2,,,42.3471,-71.1027
Barrat A,Zapperi S,1,6,1999,1999,Barrat AZapperi S,-255.96,-4.83,-308.58,167.2,39.1401,-86.5083,42.3471,-71.1027
Ray P,Stanley He,4,150,1997,1999,Ray PStanley He,-258.91,105.08,-142.01,-10.88,,,42.3471,-71.1027
Ray P,Vespignani A,4,150,1997,1999,Ray PVespignani A,-258.91,105.08,-351.24,84.48,,,39.1745,-86.5183
Ray P,Zapperi S,4,150,1997,1999,Ray PZapperi S,-258.91,105.08,-308.58,167.2,,,42.3471,-71.1027
Stanley He,Vespignani A,6,245,1997,1999,Stanley HeVespignani A,-142.01,-10.88,-351.24,84.48,42.3471,-71.1027,39.1745,-86.5183
Stanley He,Zapperi S,6,245,1997,1999,Stanley HeZapperi S,-142.01,-10.88,-308.58,167.2,42.3471,-71.1027,42.3471,-71.1027
Ivashkevich Ev,Povolotsky Am,1,4,1999,1999,Ivashkevich EvPovolotsky Am,-358.68,172.99,-348.62,175.16,,,,
Ivashkevich Ev,Vespignani A,1,4,1999,1999,Ivashkevich EvVespignani A,-358.68,172.99,-351.24,84.48,,,39.1745,-86.5183
Ivashkevich Ev,Zapperi S,1,4,1999,1999,Ivashkevich EvZapperi S,-358.68,172.99,-308.58,167.2,,,42.3471,-71.1027
Povolotsky Am,Vespignani A,1,4,1999,1999,Povolotsky AmVespignani A,-348.62,175.16,-351.24,84.48,,,39.1745,-86.5183
Povolotsky Am,Zapperi S,1,4,1999,1999,Povolotsky AmZapperi S,-348.62,175.16,-308.58,167.2,,,42.3471,-71.1027
Chessa A,Stanley He,1,31,1999,1999,Chessa AStanley He,-269.86,125.74,-142.01,-10.88,,,42.3471,-71.1027
Chessa A,Marinari E,2,28,1998,1998,Chessa AMarinari E,-269.86,125.74,-315.43,149.23,,,,
Marinari E,Vespignani A,2,28,1998,1998,Marinari EVespignani A,-315.43,149.23,-351.24,84.48,,,39.1745,-86.5183
Marinari E,Zapperi S,1,10,1998,1998,Marinari EZapperi S,-315.43,149.23,-308.58,167.2,,,42.3471,-71.1027
Loreto V,Vespignani A,8,87,1995,1998,Loreto VVespignani A,-389.78,127.42,-351.24,84.48,42.3471,-71.1027,39.1745,-86.5183
Loreto V,Zapperi S,8,87,1995,1998,Loreto VZapperi S,-389.78,127.42,-308.58,167.2,42.3471,-71.1027,42.3471,-71.1027
Cafiero R,Pietronero L,4,49,1992,1997,Cafiero RPietronero L,-398.46,137.55,-419.35,46.08,,,42.3471,-71.1027
Cafiero R,Vespignani A,5,51,1992,1997,Cafiero RVespignani A,-398.46,137.55,-351.24,84.48,,,39.1745,-86.5183
Cafiero R,Zapperi S,2,18,1995,1997,Cafiero RZapperi S,-398.46,137.55,-308.58,167.2,,,42.3471,-71.1027
Pietronero L,Zapperi S,7,226,1994,1997,Pietronero LZapperi S,-419.35,46.08,-308.58,167.2,42.3471,-71.1027,42.3471,-71.1027
Loreto V,Pietronero L,4,52,1995,1997,Loreto VPietronero L,-389.78,127.42,-419.35,46.08,42.3471,-71.1027,42.3471,-71.1027
Cafiero R,Piccioni M,1,2,1997,1997,Cafiero RPiccioni M,-398.46,137.55,-411.26,138.14,,,,
Piccioni M,Vespignani A,1,2,1997,1997,Piccioni MVespignani A,-411.26,138.14,-351.24,84.48,,,39.1745,-86.5183
Alippi A,Costantini M,2,107,1994,1995,Alippi ACostantini M,-424.27,196.19,-437.33,182,,,,
Alippi A,Paparo G,2,107,1994,1995,Alippi APaparo G,-424.27,196.19,-425.4,184.18,,,,
Alippi A,Petri A,2,107,1994,1995,Alippi APetri A,-424.27,196.19,-436.28,193.97,,,,
Alippi A,Vespignani A,2,107,1994,1995,Alippi AVespignani A,-424.27,196.19,-351.24,84.48,,,39.1745,-86.5183
Costantini M,Paparo G,2,107,1994,1995,Costantini MPaparo G,-437.33,182,-425.4,184.18,,,,
Costantini M,Petri A,2,107,1994,1995,Costantini MPetri A,-437.33,182,-436.28,193.97,,,,
Costantini M,Vespignani A,2,107,1994,1995,Costantini MVespignani A,-437.33,182,-351.24,84.48,,,39.1745,-86.5183
Paparo G,Petri A,2,107,1994,1995,Paparo GPetri A,-425.4,184.18,-436.28,193.97,,,,
Paparo G,Vespignani A,2,107,1994,1995,Paparo GVespignani A,-425.4,184.18,-351.24,84.48,,,39.1745,-86.5183
Petri A,Vespignani A,2,107,1994,1995,Petri AVespignani A,-436.28,193.97,-351.24,84.48,,,39.1745,-86.5183
Kaufman H,Mandelbrot Bb,3,54,1995,1995,Kaufman HMandelbrot Bb,-482.95,134.68,-482.09,122.3,41.2999,-73.7924,41.2999,-73.7924
Kaufman H,Vespignani A,3,54,1995,1995,Kaufman HVespignani A,-482.95,134.68,-351.24,84.48,41.2999,-73.7924,39.1745,-86.5183
Kaufman H,Woog L,1,16,1995,1995,Kaufman HWoog L,-482.95,134.68,-467.26,114.61,41.2999,-73.7924,,
Mandelbrot Bb,Vespignani A,3,54,1995,1995,Mandelbrot BbVespignani A,-482.09,122.3,-351.24,84.48,41.2999,-73.7924,39.1745,-86.5183
Mandelbrot Bb,Woog L,1,16,1995,1995,Mandelbrot BbWoog L,-482.09,122.3,-467.26,114.61,41.2999,-73.7924,,
Vespignani A,Woog L,1,16,1995,1995,Vespignani AWoog L,-351.24,84.48,-467.26,114.61,39.1745,-86.5183,,
Pietronero L,Ruiz I,1,0,1995,1995,Pietronero LRuiz I,-419.35,46.08,-442.38,48.95,42.3471,-71.1027,,
Pietronero L,Zaratti F,1,0,1995,1995,Pietronero LZaratti F,-419.35,46.08,-451.12,51.53,42.3471,-71.1027,,
Ruiz I,Vespignani A,1,0,1995,1995,Ruiz IVespignani A,-442.38,48.95,-351.24,84.48,,,39.1745,-86.5183
Ruiz I,Zaratti F,1,0,1995,1995,Ruiz IZaratti F,-442.38,48.95,-451.12,51.53,,,,
Vespignani A,Zaratti F,1,0,1995,1995,Vespignani AZaratti F,-351.24,84.48,-451.12,51.53,39.1745,-86.5183,,
Erzan A,Pietronero L,1,85,1995,1995,Erzan APietronero L,-262.39,-58.62,-419.35,46.08,,,42.3471,-71.1027
Caldarelli G,Pietronero L,1,1,1995,1995,Caldarelli GPietronero L,-283.13,-58.58,-419.35,46.08,41.3082,-72.9282,42.3471,-71.1027
Kaufman H,Lam Ch,1,20,1995,1995,Kaufman HLam Ch,-482.95,134.68,-470.84,142.9,41.2999,-73.7924,,
Kaufman H,Yekutieli I,1,20,1995,1995,Kaufman HYekutieli I,-482.95,134.68,-467.49,132.05,41.2999,-73.7924,,
Lam Ch,Mandelbrot Bb,1,20,1995,1995,Lam ChMandelbrot Bb,-470.84,142.9,-482.09,122.3,,,41.2999,-73.7924
Lam Ch,Vespignani A,1,20,1995,1995,Lam ChVespignani A,-470.84,142.9,-351.24,84.48,,,39.1745,-86.5183
Lam Ch,Yekutieli I,1,20,1995,1995,Lam ChYekutieli I,-470.84,142.9,-467.49,132.05,,,,
Mandelbrot Bb,Yekutieli I,1,20,1995,1995,Mandelbrot BbYekutieli I,-482.09,122.3,-467.49,132.05,41.2999,-73.7924,,
Vespignani A,Yekutieli I,1,20,1995,1995,Vespignani AYekutieli I,-351.24,84.48,-467.49,132.05,39.1745,-86.5183,,
Cafiero R,Loreto V,1,18,1995,1995,Cafiero RLoreto V,-398.46,137.55,-389.78,127.42,,,42.3471,-71.1027
Caldarelli G,Castellano C,1,20,1994,1994,Caldarelli GCastellano C,-283.13,-58.58,-393.79,-14.37,41.3082,-72.9282,,
Distasio M,Pietronero L,1,2,1994,1994,Distasio MPietronero L,-429.96,77.9,-419.35,46.08,,,42.3471,-71.1027
Distasio M,Stella A,1,2,1994,1994,Distasio MStella A,-429.96,77.9,-429.12,68.7,,,,
Distasio M,Vespignani A,1,2,1994,1994,Distasio MVespignani A,-429.96,77.9,-351.24,84.48,,,39.1745,-86.5183
Pietronero L,Stella A,1,2,1994,1994,Pietronero LStella A,-419.35,46.08,-429.12,68.7,42.3471,-71.1027,,
Stella A,Vespignani A,1,2,1994,1994,Stella AVespignani A,-429.12,68.7,-351.24,84.48,,,39.1745,-86.5183
Sidoretti S,Vespignani A,1,1,1992,1992,Sidoretti SVespignani A,-397.64,104.1,-351.24,84.48,,,39.1745,-86.5183
Deangelis R,Marsili M,1,13,1991,1991,Deangelis RMarsili M,-456.13,24.96,-440.04,7.65,,,,
Deangelis R,Pietronero L,1,13,1991,1991,Deangelis RPietronero L,-456.13,24.96,-419.35,46.08,,,42.3471,-71.1027
Deangelis R,Vespignani A,1,13,1991,1991,Deangelis RVespignani A,-456.13,24.96,-351.24,84.48,,,39.1745,-86.5183
Deangelis R,Wiesmann Hj,1,13,1991,1991,Deangelis RWiesmann Hj,-456.13,24.96,-446.15,22.45,,,,
Marsili M,Pietronero L,1,13,1991,1991,Marsili MPietronero L,-440.04,7.65,-419.35,46.08,,,42.3471,-71.1027
Marsili M,Wiesmann Hj,1,13,1991,1991,Marsili MWiesmann Hj,-440.04,7.65,-446.15,22.45,,,,
Pietronero L,Wiesmann Hj,1,13,1991,1991,Pietronero LWiesmann Hj,-419.35,46.08,-446.15,22.45,42.3471,-71.1027,,
Vespignani A,Wiesmann Hj,1,13,1991,1991,Vespignani AWiesmann Hj,-351.24,84.48,-446.15,22.45,39.1745,-86.5183,,
Kanfer Am,Pattison P,1,4,2000,2000,Kanfer AmPattison P,424.17,402.1,417.02,395.28,,,40.111,-88.2407
Kanfer Am,Robins G,1,4,2000,2000,Kanfer AmRobins G,424.17,402.1,416.19,408.38,,,,
Kanfer Am,Wasserman S,1,4,2000,2000,Kanfer AmWasserman S,424.17,402.1,381.6,397.7,,,41.8119,-87.6873
Pattison P,Robins G,2,30,1999,2000,Pattison PRobins G,417.02,395.28,416.19,408.38,40.111,-88.2407,,
Pattison P,Wasserman S,5,163,1995,2000,Pattison PWasserman S,417.02,395.28,381.6,397.7,40.111,-88.2407,41.8119,-87.6873
Robins G,Wasserman S,2,30,1999,2000,Robins GWasserman S,416.19,408.38,381.6,397.7,,,41.8119,-87.6873
Anderson Cj,Crouch B,1,32,1999,1999,Anderson CjCrouch B,347.89,383.97,357.13,376.63,40.111,-88.2407,40.111,-88.2407
Anderson Cj,Wasserman S,5,45,1992,1999,Anderson CjWasserman S,347.89,383.97,381.6,397.7,40.111,-88.2407,41.8119,-87.6873
Crouch B,Wasserman S,1,32,1999,1999,Crouch BWasserman S,357.13,376.63,381.6,397.7,40.111,-88.2407,41.8119,-87.6873
Faust K,Wasserman S,4,24,1990,1993,Faust KWasserman S,343.96,399.25,381.6,397.7,41.8119,-87.6873,41.8119,-87.6873
Galaskiewicz J,Wasserman S,7,203,1981,1993,Galaskiewicz JWasserman S,343.78,420.73,381.6,397.7,40.111,-88.2407,41.8119,-87.6873
Walker Me,Wasserman S,1,16,1993,1993,Walker MeWasserman S,384.93,364,381.6,397.7,,,41.8119,-87.6873
Walker Me,Wellman B,1,16,1993,1993,Walker MeWellman B,384.93,364,392.96,366.42,,,,
Wasserman S,Wellman B,1,16,1993,1993,Wasserman SWellman B,381.6,397.7,392.96,366.42,41.8119,-87.6873,,
Anderson Cj,Faust K,1,9,1992,1992,Anderson CjFaust K,347.89,383.97,343.96,399.25,40.111,-88.2407,41.8119,-87.6873
Iacobucci D,Wasserman S,6,115,1986,1991,Iacobucci DWasserman S,376,377.06,381.6,397.7,42.0546,-87.6943,41.8119,-87.6873
Faust K,Galaskiewicz J,1,5,1990,1990,Faust KGalaskiewicz J,343.96,399.25,343.78,420.73,41.8119,-87.6873,40.111,-88.2407
Anderson C,Wasserman S,1,30,1987,1987,Anderson CWasserman S,388.35,420.24,381.6,397.7,,,41.8119,-87.6873
Wasserman S,Weaver So,1,18,1985,1985,Wasserman SWeaver So,381.6,397.7,397.87,383.09,41.8119,-87.6873,,
Bielefeld W,Galaskiewicz J,1,20,1985,1985,Bielefeld WGalaskiewicz J,357.77,426.74,343.78,420.73,,,40.111,-88.2407
Bielefeld W,Mullaney P,1,20,1985,1985,Bielefeld WMullaney P,357.77,426.74,347.07,435.28,,,,
Bielefeld W,Rauschenbach B,1,20,1985,1985,Bielefeld WRauschenbach B,357.77,426.74,359.55,437.83,,,,
Bielefeld W,Wasserman S,1,20,1985,1985,Bielefeld WWasserman S,357.77,426.74,381.6,397.7,,,41.8119,-87.6873
Galaskiewicz J,Mullaney P,1,20,1985,1985,Galaskiewicz JMullaney P,343.78,420.73,347.07,435.28,40.111,-88.2407,,
Galaskiewicz J,Rauschenbach B,1,20,1985,1985,Galaskiewicz JRauschenbach B,343.78,420.73,359.55,437.83,40.111,-88.2407,,
Mullaney P,Rauschenbach B,1,20,1985,1985,Mullaney PRauschenbach B,347.07,435.28,359.55,437.83,,,,
Mullaney P,Wasserman S,1,20,1985,1985,Mullaney PWasserman S,347.07,435.28,381.6,397.7,,,41.8119,-87.6873
Rauschenbach B,Wasserman S,1,20,1985,1985,Rauschenbach BWasserman S,359.55,437.83,381.6,397.7,,,41.8119,-87.6873
Fienberg Se,Meyer Mm,1,47,1985,1985,Fienberg SeMeyer Mm,432.54,351.4,452.29,339.33,43.0769,-89.4094,40.111,-88.2407
Fienberg Se,Wasserman Ss,1,47,1985,1985,Fienberg SeWasserman Ss,432.54,351.4,446.77,333.49,43.0769,-89.4094,40.111,-88.2407
Meyer Mm,Wasserman Ss,1,47,1985,1985,Meyer MmWasserman Ss,452.29,339.33,446.77,333.49,40.111,-88.2407,40.111,-88.2407
Fienberg Se,Wasserman S,1,5,1981,1981,Fienberg SeWasserman S,432.54,351.4,381.6,397.7,43.0769,-89.4094,41.8119,-87.6873
Runger G,Wasserman S,1,4,1980,1980,Runger GWasserman S,396.69,414.01,381.6,397.7,44.9806,-93.1771,41.8119,-87.6873
